-0.381018	0.37773973	-0.33852112	-0.20592278	-0.40575513	0.09411459	0.1919835	0.08946431	0.43067804	-0.2822393	0.072070114	0.08889223	-0.39942187	-0.10596925	-0.100714915	0.3777403	0.15109853	0.56756246	-0.014238838	-0.15341236	-0.1807681	-0.13954706	0.0769093	0.23498839	0.004142708	0.60942054	0.02118317	1.0382155e-05	0.74591595	0.061741687	0.30902004	0.28213394
0.36713457	0.30401948	0.0066360673	0.22175689	-0.67250323	0.49055952	0.29588485	-0.06305658	0.2507108	-0.24441133	0.24470831	-0.13742496	0.060639814	0.43909037	-0.097911246	-0.24414653	-0.17301889	0.20315297	-0.3181023	-0.0682275	0.40693712	-0.13840708	0.73681384	-0.56860346	-0.29225987	-0.062959105	-0.11477173	-0.071953684	0.6538871	-0.33865458	0.12715416	0.26357573
0.3202179	0.05673755	0.19804586	0.32473207	-0.7869521	0.0072836024	0.06891823	-0.024412403	0.08139035	-0.16843626	0.20850702	0.07567272	-0.06787335	0.4382323	0.015226564	-0.112292506	0.025656132	0.08252413	0.03721703	-0.23210917	0.41215116	-0.1256959	0.6095212	-0.30021423	-0.09531737	-0.10516926	0.025287764	0.02939431	0.39823356	-0.32695776	0.13305058	0.008422171
0.4788591	-0.16513126	-0.06132465	0.3019389	-0.6560199	0.2062987	0.07143985	0.08137886	-0.03797539	-0.063507155	0.28633106	0.23469509	-0.10122828	0.59934175	0.1804344	-0.15191492	0.04406762	0.045642536	0.022400405	-0.15466033	0.3366274	-0.045575008	0.24666102	-0.33985582	-0.43047076	0.05410014	0.006152644	-0.0018786368	0.6717651	-0.43178523	-0.18074273	-0.10605426
0.02636807	-0.006916236	-0.015110813	0.0048081167	-0.007830463	0.018457863	0.0033242702	0.0036237612	-0.044723034	-0.02976272	0.040494192	0.04130199	-0.041255962	-0.009061195	0.029832337	0.024748448	0.04206108	-0.03702252	-0.039059974	-0.017181326	0.04171237	-0.023846233	-0.028120507	0.014191832	0.030718755	-0.022423042	-0.047652733	0.027573023	0.020983983	-0.032007802	0.04459888	0.031133477
-0.18104275	0.40164724	0.09537319	0.36876145	0.47173992	0.20394208	0.08177772	0.21110639	-0.31340086	-0.79969984	-0.50909716	0.15774165	-0.6693872	-1.0396119	0.36915734	-0.40362278	0.11602774	0.31775567	-0.08536518	-0.84161174	0.2887225	0.17408837	0.00016769217	-0.13468926	1.2744132	0.23719552	-0.46282458	0.028047942	0.41702214	0.56604385	0.3187982	-0.30122745
0.016824152	0.034512613	-0.015381884	0.014924657	-0.005037226	0.021946382	0.04164734	0.024115313	0.028156426	-0.042024553	0.04910287	0.03831133	-0.0191769	-0.024958337	-0.04120934	0.033847455	-0.0275653	-0.046186566	0.032398354	-0.043249	-0.029136991	-0.039454244	0.017207589	-0.034084	0.019867804	0.011685729	-0.008821439	-0.045729626	-0.03634856	-0.024534225	-0.022756184	0.015795838
0.29512328	-0.08845881	0.06270993	0.07045187	-0.504125	0.06970909	0.19956708	-0.13047487	0.02549662	-0.2500226	0.1957716	0.25153792	-0.33230194	0.561883	0.023044523	-0.16994606	0.06596812	0.0838816	-0.006948708	-0.038697377	0.48691204	-0.021900563	-0.3767206	-0.073779345	-0.47685286	0.04091315	-0.16751218	0.09739081	0.2968656	-0.6104585	-0.08560493	0.024938432
-0.5211582	-0.013537139	-0.120586835	-0.57197547	-0.34270585	0.1363846	0.08471711	0.21252416	-0.16757768	0.450241	0.6668313	0.2089578	0.50804055	0.2099511	0.04135118	0.5196542	0.14015812	0.3075492	-0.4423428	0.22692297	-0.14924817	-0.24061012	-0.2883199	-0.16073579	-0.64690447	-0.13356802	-0.9990143	0.80530524	-0.07260713	-0.8779422	0.5516953	0.7905652
-0.16706128	-0.15223478	-0.106288746	-0.13064764	-0.6676984	-0.13772212	0.001392921	0.419185	-0.34313926	0.34007654	0.38220528	0.50317556	-0.1579882	0.7392791	0.1990829	-0.063896105	0.20094506	0.67424583	-0.29933637	0.2015634	0.08349354	-0.22683832	0.19438897	-0.3344922	-0.8553063	0.014820377	-0.7154746	0.6698583	0.79179686	-1.4269809	0.46141964	0.6257549
-0.2782604	-0.059579454	-0.08533882	-0.086595364	-0.47109133	-0.07383177	0.40063685	0.31468603	-0.22260326	0.25426665	0.6830434	0.24151781	-0.09923591	0.28067803	-0.019389333	-0.34859693	0.021189397	0.30295104	-0.31232187	-0.03976205	-0.07297707	-0.3630236	-0.69672126	-0.15302186	-0.6245356	-0.27859798	-0.69361126	1.1914905	0.45424765	-0.8593255	0.6209792	0.43940836
0.014604246	0.10264448	-0.093220755	0.49320012	-0.82701045	0.022987798	0.44331545	0.23109172	0.4856303	-0.18213342	0.6477229	-0.24417116	-0.46073774	0.7444732	0.042552285	-0.31532353	-0.05608045	0.36614707	0.1563034	-0.24791695	0.52620894	-0.5297061	-0.6482289	-0.197782	-0.88727313	-0.22019921	-0.54453874	0.6137555	0.4368088	-0.78939754	0.40471867	0.37211293
-0.5401608	-0.6336152	-0.07319977	0.34413722	-0.32738516	-0.47187573	0.28994656	0.18715358	0.2749087	0.2564004	0.4394494	0.009898566	0.104884185	0.52327794	-0.07398301	-0.35344347	0.0903265	-0.04134308	0.39646173	-0.8186329	0.24697869	-0.5984547	-1.0205567	0.016505357	-0.78962123	-0.32597306	-0.930929	1.1888903	-0.090941675	-0.7022899	1.3208066	0.3780822
-0.0060261264	0.028146032	-0.03135165	-0.034858953	-0.012577213	0.029739503	0.02641214	-0.03281202	-0.041043688	-0.035491955	0.017875064	-0.0042234436	-0.04934758	-0.036711313	0.03422785	0.043933067	-0.0027190223	-0.029687941	-0.029146934	-0.018802166	-0.0019781105	-0.018286824	-0.007029474	0.009066701	-0.026281655	0.023724679	0.02265611	-0.0066175237	0.03269062	-0.024825454	-0.0042382255	-0.008064389
0.026454497	-0.04526439	-0.024829615	-0.04931878	-0.020034838	0.043265376	0.041465674	-0.01902963	-0.019351853	0.046048287	0.013372485	-0.01605586	0.033144344	-0.009003937	0.014278922	0.044702087	0.0155425705	-0.013985097	0.041938733	-0.015835442	0.023943696	0.019120421	-0.033189654	0.031826805	-0.02979951	-0.018482696	0.03688531	0.0472976	-0.020493496	0.0048991553	-0.042597782	0.005141616
-0.026734838	0.087660275	-0.54866683	-0.117514625	-0.039403986	-0.28630814	0.87986296	-0.043669198	0.52601635	-0.27822965	0.13043778	0.51513326	-0.35864487	0.27912787	-0.11733801	0.13428305	-0.016736934	0.26022455	0.17869009	-0.23045683	0.088981844	-0.15792248	-0.5514557	0.120204255	-0.37834257	0.51538026	-0.018447923	0.64554185	-0.12585878	-0.3536232	0.84886813	0.09184218
0.49224186	0.27853256	-0.0929233	-0.98238313	-0.3425742	0.1688432	0.32186544	0.15354994	-0.25090623	0.10052569	0.8945278	0.3576128	0.32055977	0.8864591	0.29248467	0.42980656	0.31107298	0.41486335	-0.019159032	0.46480653	0.3939541	-0.13122791	-0.622169	-0.3336041	-0.6529709	0.2415424	-0.67333424	0.8735764	0.4590867	-0.84761876	0.10372255	0.1542801
-0.00082527474	-0.0075319186	-0.0448141	0.025019232	-0.024081899	-0.04702605	0.03527054	0.039259795	-0.043900907	-0.012510695	0.047218334	-0.014117647	-0.019678712	-0.021583224	0.046231303	-0.0071041957	0.014165428	-0.020586336	-0.015925884	0.005677711	-0.0028839111	0.044262294	-0.00564301	0.04350162	-0.01481849	-0.024530305	0.0050727017	-0.018116701	0.0039661415	-0.009405781	-0.042912483	-0.0016894937
-0.79167575	-0.18709499	0.30223513	-1.0882502	-0.07832575	0.5942325	0.5742844	-0.5527199	-0.2293537	0.29045907	0.59263325	0.6183163	0.43271863	0.13681425	-0.010961307	1.00972	0.41372877	-0.37817183	-0.37045184	-0.1765511	-0.18845028	0.20110634	-0.8669273	0.21372008	-0.42647284	-0.02840197	-0.7865001	0.9064913	-0.1948818	-0.33305037	0.1448733	0.9579027
1.3369052	0.097065486	-0.071221516	-0.0978668	-0.59234023	0.4563952	0.85398066	0.9253058	-0.11506597	-0.55233663	0.7312891	0.46164605	-0.5481772	0.7079872	0.15005943	0.2306822	0.13976258	0.17325726	0.17412989	0.6526016	0.6448222	-0.3598959	-0.6729982	-0.53357923	-0.5251584	-0.28076294	-0.3426834	0.6834143	1.1047971	-0.8898087	-0.3111165	0.08670077
-0.13581681	0.0033160364	-0.19043179	0.11932342	-0.117306955	0.1080877	0.12534705	0.27401873	0.28228948	0.095890895	0.5887276	0.10340993	0.1941937	0.29128352	-0.05911743	0.4364928	0.13195196	0.5443087	-0.012684467	0.3277429	-0.028653068	-0.4323833	-1.134455	-0.3250889	-0.69489586	-0.19057252	-0.25112376	0.55756456	0.6215569	-0.30646586	0.44241625	0.44803506
-0.021744812	-0.023678793	0.04271389	-0.034448873	-0.013045181	0.0071679726	-0.03264605	-0.03336414	0.028705765	0.0039171465	0.047401357	-0.042830836	-0.040347505	0.005944837	0.006790735	0.0066791177	0.027594175	-0.018500816	0.016591262	0.043152783	0.035139207	0.00921737	-0.006880045	-0.03646915	0.016521338	0.03055406	-0.02101667	-0.0015061721	-0.017817449	0.04300889	-0.0063826665	-0.025197351
-0.90234286	-0.1321477	0.49175575	-0.7624955	-0.7303571	0.26064926	0.34730554	-0.089504726	-0.20036884	0.2741896	0.70943826	0.45308903	0.12726635	-0.020267105	-0.00010983599	0.5727189	0.083766945	0.04633019	-0.4496706	0.024661627	-0.29449943	0.026259072	-1.6069193	0.3028023	-0.44410774	-0.06729999	-1.1601515	0.9792916	-0.25591046	-0.5530942	0.24326348	0.9842223
-0.41897008	-0.87646115	-0.12571464	0.29261857	-0.7371036	-0.17703088	0.49097016	0.16734761	0.32092318	-0.20386288	0.41940212	-0.01688756	-0.7975665	0.569909	0.089364395	-0.44527322	0.13613148	0.26720023	0.26907083	-0.5311833	0.25917414	-0.2837004	-0.63251925	-0.2093448	-0.6236913	0.010027685	-0.17081708	0.9484685	0.35144907	-0.74170077	0.84065586	-0.037410904
0.53410816	0.65059775	0.0045203962	-1.0052357	-0.27735755	-0.3228275	0.39017093	0.29370022	0.39262706	-0.2030358	0.81421447	0.7664984	0.008017117	0.15857396	0.18725087	0.62678134	-0.06254896	0.2258316	-0.3214166	0.4485754	0.5266116	-0.2659083	-1.2635461	-0.4134962	-0.5254046	0.045267906	-0.2287808	0.7157275	-0.4475081	-0.11345147	0.58893573	0.62894624
0.022900846	-0.0011757016	-0.036019407	-0.020925118	-0.03850361	-0.012687862	-0.037583817	-0.024932755	0.047064874	-0.0037530772	-0.003640186	0.014167581	-0.04254173	0.02821425	0.018619742	-0.025976872	0.023558583	0.049515117	0.023634981	0.031635966	-0.0022148006	-0.0030488	-0.03614856	0.03402691	0.03122959	-0.038349234	-0.006224215	-0.015591573	0.017308723	-0.011823393	0.00425788	-0.018196572
-0.1254384	-0.11744713	-0.36748785	-0.1385918	-0.60777354	0.31959662	0.32455817	0.35798305	0.2734332	-0.16803744	0.09857428	0.5430206	-0.21682683	0.14226156	0.54137224	0.019107396	0.31829518	-0.34397763	-0.25233048	-0.74190396	0.037183233	-0.47877276	-1.2221267	-0.27879226	-0.34864703	0.24684371	0.025175096	0.26185247	0.4722098	-0.37249264	0.38827693	-0.24274047
0.038375508	-0.009631347	-0.043830514	0.046502892	0.02584884	-0.009595145	-0.012080442	-0.02466829	0.023761977	0.017875258	-0.03689946	0.021419492	-0.022860456	-0.013631951	0.037696745	-0.01343007	0.0075002424	0.023224983	0.03979588	0.0134658255	0.017382588	0.047980133	0.03266189	0.04432812	-0.01497674	0.0020258203	-0.010565378	-0.0027393326	0.045818914	-0.016145814	0.0149836205	0.02087288
0.048406158	0.45151335	-0.2074754	-0.68370974	-0.5299702	0.87183315	-0.057128042	0.76449364	0.5976805	0.04525111	0.3712419	-0.17421539	0.58072	-0.29198724	0.14441869	0.5922649	-0.14192867	0.694224	-0.5169218	0.5640144	0.23376058	-0.38256052	-1.0416466	-0.800733	-0.47848845	-0.33265796	-0.16209778	-0.009489623	-0.19802997	-0.30581146	0.026523368	0.73098236
0.71531034	0.29331622	0.28006506	0.09057454	-0.9871072	0.22432715	0.18142708	0.79531336	0.92411906	-0.5442213	1.5536195	0.4404057	-0.15627795	0.636877	0.12612976	0.38814947	-0.0020708218	0.14436953	0.25977466	0.47429144	0.87328815	-0.68600845	-0.74621266	-0.29504007	-0.7032524	-0.047176592	0.187532	-0.26871985	1.0571401	0.07939819	-0.4470847	0.08398793
0.8162009	0.027067292	-0.35401067	0.12606119	-0.20400254	0.14943595	1.1589514	-0.8122004	-0.70749664	-1.183474	-0.21810159	1.9251479	-1.0843372	0.38528576	0.74872285	-0.846627	0.50868124	-0.010676566	-0.3594935	-0.92815036	0.8942272	0.29060242	-0.71497846	-0.60795534	0.47986478	0.18214078	-0.5927114	0.86899203	0.8250178	-0.45415738	0.61319005	-0.20068371
0.4646396	0.28356335	0.19244322	0.3475468	-0.8728016	0.48826623	0.21350983	0.28424153	0.91522723	-0.8749711	0.39055356	-0.031133348	-0.5101704	0.626807	0.18093762	-0.26405564	0.13257217	0.6906147	0.57151973	-0.5021583	1.0340575	-0.19737402	-0.4315202	0.10599654	-0.14055635	0.12914747	-0.123329185	-0.116000764	0.8800191	0.7383594	-0.37769398	-0.1171561
0.6265817	0.6186194	0.39090908	-0.89398867	-0.45593736	0.53415453	-0.23372145	-0.24548677	0.6178359	-0.44364753	-0.17074957	0.786043	-0.10157876	0.25405276	0.9615682	0.06283635	0.48132473	-0.031348858	-0.4755401	-0.4005825	1.0596255	0.17165568	-0.8918377	-0.8134559	-0.048327796	-0.027062317	0.3174128	-0.13952729	-0.42025065	0.07489318	-0.019594552	1.0420249
-0.041362107	0.04234692	-0.017155182	0.02299739	0.0019153468	-0.047255803	-0.022543956	-0.03279227	0.03705037	-0.030306637	-0.0051210746	-0.0041814074	-0.03932339	-0.0042723194	0.00030757114	0.030428339	-0.015993964	0.04359022	0.02333713	-0.025118863	-0.031728983	0.048698854	-0.019767856	-0.03033427	0.025508646	-0.0062771216	-0.026132345	-0.019542469	0.04747406	-0.034463894	0.0073335655	0.0072791465
-0.7803396	-0.49587905	-0.113623686	-0.29645866	-0.13658221	0.09508723	-0.06925267	-0.13910134	0.39795592	0.011249868	0.93124473	0.4203571	-0.15762144	-0.110508524	0.13763586	0.27836275	0.05117033	0.7427966	0.17823136	-0.03896405	0.24569577	-0.42533648	-1.1384504	0.029056737	-0.29982725	0.22211477	-0.14451687	0.17944191	0.24862653	0.5033877	-0.086200304	0.015593365
0.0040249005	-0.044173457	-0.045953013	-0.015288461	0.038697388	-0.040130198	0.008947361	0.04911119	0.04081196	-0.028277768	0.0045526624	0.01368222	-0.025119364	0.045357157	0.047699604	-0.043517817	0.016157832	0.03476851	0.01278073	-0.03431634	0.010881305	0.04901949	-0.010596715	-0.0037268512	-0.01905929	0.01694901	2.4665147e-05	0.0038461909	0.032569695	0.014428865	0.034644607	0.036472406
0.004107464	-0.0196306	-0.038151562	0.009276163	-0.047663856	0.029329862	0.049578343	0.019755725	0.035310354	-0.013813578	0.04460753	-0.033917382	0.0025713444	-0.03517314	0.039570224	0.031926345	-0.027334988	0.017456364	-0.006473113	0.012885105	-0.043422293	0.04364408	0.034367595	0.008186925	-0.034459163	0.022874143	0.020414952	0.01826514	-0.00895251	-0.023580778	0.00036543608	-0.041453373
-0.22775799	0.5302896	0.22653507	0.5338074	0.6589835	0.15914282	0.03590269	-0.08636358	-0.5414733	-0.7327753	-0.44243476	0.22857934	-0.8453132	-0.88701785	0.6050882	-0.7465486	0.47284818	0.46379247	-0.13751732	-1.1189084	0.3651523	0.37955767	-0.67033154	-0.3256268	0.95098644	-0.06892861	-0.68090004	0.20830873	0.18665576	0.59314406	0.5071067	-0.33011362
0.42740718	-0.25568056	0.4041561	0.68838537	-0.65095913	0.37407285	0.7577133	0.6711631	0.18696332	-0.85532427	0.9398403	0.059154704	-0.91170645	0.26888418	0.46098173	-0.44599953	0.57641476	-0.043358047	0.7055668	-0.72996205	1.0534793	-0.48936886	-0.43325967	0.020852141	-0.33068317	-0.7365535	-0.6162668	-0.14595112	0.4913578	0.17478158	-0.1350246	-0.051484533
-0.81944984	-0.972421	-0.172516	0.2693179	0.26132086	0.2663508	0.20595974	0.19385217	0.74630404	0.5214219	1.5454481	0.44706726	0.5100656	0.026736517	0.041897148	0.4281281	0.51238555	-0.117941596	0.4223404	0.21340081	0.11926176	-0.86325383	0.018428436	-1.2636598	-1.2068073	-0.8255201	-0.6873649	0.87305427	-0.13563894	0.34014744	0.9337846	1.2770145
-0.34562814	0.54806566	0.14797896	0.31058657	-0.4757346	1.0713441	-0.32181108	-0.2387144	0.60745984	0.4510515	0.29033834	-0.15665367	0.4421496	-0.3579243	0.7066088	0.4737127	0.8656999	0.59976494	0.19713835	0.59595454	0.086578846	-0.029890833	-0.46459663	-0.79212976	-0.23811395	-0.15683988	-0.34098548	-0.10653944	-0.71826005	0.8078365	0.43961212	0.81066805
-1.2223096	-0.42542347	0.6985729	-2.0119011	-0.63442636	0.8957341	0.90792763	-0.64356816	-0.1629855	0.010405925	0.22181655	-0.3019612	-0.35959956	-0.9421921	0.020209575	0.38841888	0.14014186	-0.3177152	1.2361685	-0.3369097	-0.038396414	0.14200339	-1.2249886	0.6582371	0.81799877	-0.1894302	-0.9336731	0.50310713	-0.50191385	-0.016582152	-0.57269436	1.2906914
-0.15973617	0.30518013	-0.003940093	0.4208645	0.6627114	-0.20766358	0.7018751	0.104602605	-0.67335224	-0.8580338	-0.32012427	0.17787169	-1.2564539	-0.6121291	0.48808724	-0.38615835	0.32602626	0.35179853	0.013710658	-0.9272353	0.5026881	-0.025949387	-0.38994262	-0.32818317	0.5965669	-0.3781839	-1.0294994	0.4977577	0.116150945	-0.30737785	0.6641185	0.31468618
0.6673205	0.6160876	0.111798964	-0.61990374	-0.3403465	1.0045266	0.2350039	0.32651192	0.71338403	-0.33918196	0.43583262	0.054437183	0.24119855	-0.21727942	0.4697851	0.79584026	0.18610808	0.57232517	-0.28532642	0.77569854	1.0955518	-0.2524354	-0.64907646	-1.0448024	-0.17689808	-0.59732616	0.30071703	-0.3135382	-0.3600899	-0.11832372	0.30415508	1.4256159
0.01069789	-0.01057037	0.043326747	0.040830884	-0.031720746	0.032519434	-0.014315534	0.019228984	0.04367799	0.01849861	0.00028808042	-0.010899305	-0.03530859	0.033538055	0.0369468	0.01863904	0.008394908	0.02577665	0.010491036	-0.0014165863	-0.026586486	-0.029430509	-0.007737279	-0.029488528	0.00064693764	-0.03714118	0.04309452	-0.04098506	-0.010473333	0.043449257	-0.018274307	0.04406127
-0.44587103	0.11909722	-0.030794488	0.010602782	-0.3257129	0.41742826	-0.18586169	-0.060509168	0.45727333	-0.108063534	0.063201115	0.3914632	0.15871406	-0.28883016	0.016241893	0.31549856	0.26412	0.4378218	0.09985331	0.13394928	0.21920757	-0.1699681	0.036535718	-0.38349664	0.00681535	0.15970393	-0.1435371	-0.08538597	-0.19531798	0.4767226	0.8944844	0.5051413
0.32947263	0.22121093	-0.23729111	-0.5207985	-0.2458027	0.9258985	0.6235527	-0.0062141167	-0.047436964	-0.4506153	-0.15356013	-0.2824827	-0.16591282	-0.3022267	0.64461523	0.033424154	0.15133218	0.62537926	0.2543371	-0.6881301	0.116012074	0.2502731	-0.7589286	-0.2176368	0.96561784	0.07599946	-0.4166348	0.19035494	0.28415087	0.5633211	-0.4828047	-0.23511773
-1.0479336	-0.8743185	-0.6102737	0.36471415	0.21335107	0.03098611	0.40399864	0.257072	0.33757406	-0.14345084	0.15588945	0.22599193	-0.3752572	0.0058472794	0.15109678	-0.1782882	0.23061498	0.18108144	0.2706422	-0.86226976	0.103647195	-0.6461458	-0.8940095	-0.37123218	-0.4472655	-0.15728378	-0.36428887	0.9012304	0.2518155	-0.2499046	1.4022467	0.034706306
0.04079694	-0.03481617	0.0026653185	-0.014777433	0.045967307	0.035696063	-0.008283794	0.016387727	0.031362068	0.021114219	-0.034516416	-0.013838805	-0.008972097	0.018021468	0.028252017	0.017226133	-0.0045584925	0.022052769	-0.043688763	0.034892846	0.018945012	-0.037522387	0.0260376	-0.021884097	0.034019057	0.02773491	0.017775323	0.032002155	0.0365682	0.008352779	-0.007925618	0.024400208
-0.26109684	0.86823165	-0.7074064	-0.48918137	-0.2171604	1.0137415	-0.11535	0.48832926	0.9728192	0.5787759	0.47841436	-0.5372416	1.0850185	-0.9263766	0.55037916	0.69712085	0.0375491	0.57209945	-0.53328663	0.8115714	-0.13864684	-0.4951393	-0.112929925	-1.1670963	-0.030205317	-0.022015773	-0.468606	0.28879207	-0.8663351	0.6858618	0.5295606	0.73536813
-0.24853073	-0.7964048	-0.6023128	0.41609585	0.44882452	0.22432853	0.27429974	0.84317845	0.5340023	0.41830802	0.93285215	0.0570996	0.31309617	0.026032204	0.8544101	0.23524176	0.46782506	-0.31678337	0.3042451	-0.5907017	-0.05454196	-0.7158979	0.44087556	-1.523527	-0.80802804	-0.4101876	-0.47294518	0.6269036	0.5785668	0.8632853	0.5423148	0.13461132
0.084336266	0.22021578	-0.07387595	-0.43991393	0.4043903	0.29043558	0.84114736	0.6744228	-0.724375	-0.20854865	0.59346974	-0.20119666	-1.4283631	-0.5010887	1.1254729	-0.432492	0.54557645	0.8134549	-0.20977141	0.1783191	0.14961301	-0.74349374	0.037891477	0.13870913	0.8956002	-0.23554567	-0.2577212	-0.59359264	0.33362347	-0.1514874	-0.49516073	0.0081846835
-0.4343611	-0.9902475	-0.04492691	-1.1253642	0.19867471	0.49909577	1.4407438	0.294152	-0.8223952	0.011036549	-0.31785524	-0.6425918	-1.0480831	-1.1722952	0.6934453	-0.050025623	0.40621755	0.64867383	0.5585154	0.42869568	0.3495561	0.51961374	-0.8983315	0.36222118	1.2555834	0.3062353	0.060303174	-0.4496559	0.5856632	-0.3459425	-0.7701466	0.36133066
-0.6012414	-0.05270122	-0.062348157	-0.46704865	0.017713409	0.63173205	-0.008075354	-0.13420744	-0.12999004	0.036829334	0.0006514498	-0.31070918	-0.1887238	-0.93340015	0.35311553	0.18784451	0.111161105	0.412053	0.0070496197	0.24551408	-0.060730003	-0.010738757	-0.26763582	0.063758984	0.7889379	-0.11103073	0.035207484	-0.3943509	0.014628514	0.50727695	-0.4556854	0.17110611
0.01378784	0.03975382	0.022159781	-0.014014889	0.0046255216	-0.026778221	-0.039673686	-0.02370794	-0.007691942	0.032967184	0.005657781	-0.029918361	0.040083196	0.030197728	0.024571348	0.012942184	0.028314594	0.0071218237	0.02668554	-0.017572485	-0.04831351	0.018060897	-0.003745187	0.032218818	0.04538889	-0.028927851	-0.03689239	0.034487512	0.022447374	0.02416179	-0.039606392	-0.0031782277
-0.36663306	-0.35948256	0.28393537	0.10471109	-0.1389896	0.5671418	-0.41705874	0.27303067	0.027834632	-0.1313488	0.009391724	0.059999213	0.06971703	-0.2091708	0.5194014	0.5465671	0.6854981	0.57835424	0.3061152	-0.56631047	0.29907864	-0.15402903	0.23556535	-0.47240952	0.67379	0.15428701	-0.1572703	-0.10891149	-0.061890926	0.51461446	0.44242454	0.20017695
-0.0055115325	0.112461224	0.0815738	-0.070303075	0.22397159	0.43841684	0.0030536328	0.9107178	0.703145	0.054558966	-0.07556011	-0.34648195	0.048886873	-0.29780966	0.5326596	0.6059012	0.5246624	0.7610392	-0.028132966	0.12637244	0.18543343	-0.052618757	0.3230689	-0.49864393	0.3714343	0.471397	0.30229253	-0.23498407	0.1602372	0.9359298	-0.035188075	-0.017747046
0.8143612	-0.028630877	0.5531141	0.08961033	-1.5375549	0.4828149	0.7104314	0.8740083	0.9076328	-1.0554335	1.2617823	0.025511744	-0.8655085	0.3751256	0.14301102	-0.19286264	-0.04465749	-0.19921929	0.21623687	-0.0790012	1.1358275	-0.34349895	0.6894864	-0.24401519	0.28846663	-0.31746313	0.0354793	-0.5067243	0.46439695	0.42399314	-0.36373794	-0.15501517
0.18729937	-0.5567399	-0.6026117	0.123943254	-0.37206122	0.5890484	1.0287437	-0.66714036	-0.4550019	-0.8193257	-0.43274897	1.6851422	0.19004335	-0.48440477	0.3634765	-0.40009117	0.19465879	-0.50603783	0.056291703	-0.4532328	0.6143468	0.36614105	0.39623988	-0.8765008	0.68583965	0.3579857	0.22881776	-0.006123569	0.5324381	0.48332566	1.4821812	0.11347115
-0.63658935	0.7212936	0.51163656	-0.16080762	-0.4591103	-0.08228491	-0.6816054	-0.16997397	-0.21398035	-0.77836835	-0.3654533	1.4384956	-0.037820734	-1.5989767	-0.24657908	-0.09579719	-0.16945867	0.2482691	0.8280661	-0.9300612	-0.13035482	-0.31426284	0.35223842	0.5421344	1.4261044	-0.17825891	-1.2041842	0.7561133	-0.51816934	1.1826032	-0.25053945	0.19564521
-0.1901734	0.8526458	0.7583529	-1.2574117	-0.44642627	0.42337716	-0.69801056	-0.0114911115	0.3082307	-0.40594125	-0.20431748	1.1602943	-0.9085667	0.016434116	0.7396836	-0.6097153	0.49426836	-0.4985401	-0.42383254	-0.9404908	0.14377134	0.123802245	0.929341	-0.31762117	0.91127026	0.32892063	0.34615758	-0.1498956	0.48341796	-0.60130286	0.14545621	0.8609285
-0.75889534	0.34525487	0.6331322	-0.00069397915	0.68576807	0.367673	1.1122767	0.9174103	-0.26528692	-0.6286716	-0.43060338	0.008808114	-0.8425985	-1.6309386	0.41159937	-0.9406098	-0.09427136	-0.03677327	0.10975453	-0.30587775	0.590697	0.48152107	0.95278543	-1.0302384	1.2748836	0.5482339	-0.011142532	-0.022535315	0.8953655	0.46312475	-0.089894176	-0.6709156
-1.1077383	-0.33494863	-0.38086113	-0.6145071	-0.11663116	0.63938946	0.37235433	0.12985058	0.10652592	-0.056187112	1.2122169	0.12069891	-0.3402104	-0.8259646	0.3323176	0.14067976	-0.01983912	0.46148384	-0.27388752	0.7201732	-0.25898075	-0.5211235	0.5177001	-0.437371	0.43451485	-0.054044392	-0.016262833	-0.2550781	0.07389591	0.29495418	-0.20266756	-0.0463072
-0.59128004	-0.090657964	-0.50741744	-0.1722465	-0.041730452	0.3371855	-0.0055790776	0.7175089	0.35972434	-0.49618253	0.28275043	0.03088032	-0.4033129	-0.6271594	0.54862213	0.67848027	-0.16208938	-0.13197471	0.013845323	0.14274849	-0.015917081	-0.07072579	0.781041	-0.50100034	0.54019666	0.06878706	0.2609698	-0.12386657	0.66865885	0.6362734	0.036340207	0.054297175
0.017667737	-0.047804307	0.023445439	-0.034883033	0.026091363	-0.010457553	-0.038165558	0.04719105	0.042158533	0.013414111	-0.04774741	0.030279364	0.033038866	0.0032656565	-0.0028962605	-0.036459684	-0.00064696	-0.032389596	0.047005605	0.009450566	0.025197271	-0.025668025	-0.041695476	-0.049897827	-0.03682798	0.009519637	0.029715184	-0.021290898	-0.009831537	0.037682895	-0.049637355	0.03891221
-0.07164831	0.086398825	-0.3326314	0.30875808	-0.28343284	0.14064156	-0.109756194	-0.6054652	-0.13902226	-0.74592876	-0.15165682	0.12137404	0.3118189	-0.23335937	-0.49726722	-0.11332915	-0.08399497	0.29666224	-0.20037757	-0.4791005	0.16659611	0.32388237	1.3743273	-0.71954304	0.7355823	0.19957574	-0.50223505	1.5580528	-0.30666867	0.7013149	1.5532506	0.1784206
-0.06988927	-0.30175117	-0.33419052	-0.8573533	-0.2051292	0.1952672	0.22590506	0.58788896	0.2666919	0.1942299	0.33425337	0.16810076	-0.6105298	-0.38982138	0.6080639	-0.2529126	0.2551238	0.031155301	0.23834044	-0.18263218	0.48969504	-0.414399	0.986461	0.0013992293	0.20484477	0.48387554	-0.05952926	-0.68099666	0.44873303	-0.002073718	-0.83437365	0.4825479
-0.6419188	-0.23522094	-0.3395896	-0.16737175	0.43433556	-0.14834541	-0.08620848	1.2758946	0.5508337	-0.18155092	0.036343113	-0.36390054	-0.38613632	-1.2487423	0.60676926	0.7216283	-0.27517837	-0.28160772	-0.25501257	-0.16138712	0.60260177	-0.016046155	1.4200387	-0.46403196	0.757201	-0.030890465	0.45677117	-0.7248795	0.46206003	0.7204691	-0.10707233	0.15477347
-1.2874337	0.1341948	-0.422689	-0.6007012	0.028638367	0.33769307	-0.15852515	-0.12859915	0.28551447	0.080668986	0.32247648	-0.51705104	-0.074850835	-1.4927487	0.11219196	1.0021051	-0.45020124	0.2660695	-0.0048338105	0.117608	-0.28000894	-0.097131684	0.96867037	-0.36422884	0.9838202	0.12786134	-0.18689656	0.095898725	-0.20498043	1.152651	-0.034260385	0.26867962
-0.66905826	0.15523347	-0.24081326	-0.5156591	-0.2609598	-0.42607212	-0.54034877	-0.21775442	0.0445111	-0.019529186	0.023443704	0.21162301	0.37077764	-1.3079422	-0.33048472	0.67927206	-0.26922596	0.55264807	0.2260863	-1.0057621	0.02343315	-0.37218064	0.8821435	0.36118126	1.5182017	0.013338081	-1.0954491	1.3011221	-0.6116002	0.26737565	-0.18376032	0.47380102
0.0642769	-1.18243	-0.49310175	-0.07738829	-0.19519074	0.08650316	0.5861243	-0.19684395	0.45121104	-0.3252668	-0.09522647	-0.18088676	-0.4620464	-0.09905482	-0.024871442	-0.6633795	-0.08205477	-0.07818101	-0.3413565	-1.3200384	1.1128554	0.0719233	1.3855516	-0.51195765	0.34324217	0.5666385	0.18758161	0.227324	0.19031316	-0.13447268	0.6379395	0.26628593
0.4491512	0.27404034	-0.13189198	-0.7867616	-0.048644446	-0.12507288	0.6139223	0.41964942	1.3927381	0.5426382	1.0002713	-0.35288692	0.13718371	-0.6486647	0.18138206	0.75050896	0.076907165	0.5436552	-0.8807454	1.1464515	0.7919766	-0.66112417	0.65462905	-0.27590767	0.5692292	0.77393484	0.5984819	0.1014139	-0.8617266	0.5713952	0.4581291	0.6465682
-0.18637003	0.3882225	0.36799738	-0.9719715	-0.10820247	0.47377625	-0.46027908	0.18583411	-0.1812158	-0.18017231	-0.40229708	0.14056557	-0.53190523	-0.47490177	0.6209491	-0.26701486	0.49018598	-0.16299413	0.18253206	-0.37407723	0.2503842	0.22432129	1.2487409	-0.026379276	1.0854375	-0.027780592	0.066092715	-0.5025604	0.16436602	-0.25743997	-0.3499498	1.14803
-0.03272362	-0.030068576	-0.019981528	0.015820038	0.018905152	-0.036825906	-0.037047185	0.038839463	-0.029385185	-0.031854942	-0.025551725	0.046217468	0.0019073859	-0.025879277	0.02459829	-0.013182212	0.046535317	-0.023250962	-0.010712158	-0.023819137	-0.042633798	-0.00026767328	-0.048789214	-0.0060252175	0.04063866	-0.025392449	-0.006683089	-0.013924576	0.027555715	0.036123548	0.021709826	0.036965873
0.0212943	0.033244822	-0.011984311	-0.024160206	-0.017148446	0.036338355	0.04987408	-0.04857701	-0.00045477226	0.030215811	0.016267467	0.0033602007	-0.044177104	0.011959743	-0.032032467	0.015412223	-0.022897804	0.015535478	0.032657746	0.015514705	0.040829252	0.0033913478	0.034885656	-0.041995548	0.00027156994	0.04314952	0.037656497	-0.03452574	-0.019482816	0.01004865	-0.017305396	0.03577553
-0.14151607	0.14695966	-0.29117763	-0.5651803	-0.113800004	0.09636982	0.51403904	-0.19447583	0.010254079	-0.24105206	0.08319558	0.002442232	-0.57912403	-0.18414658	0.10249851	0.36836684	0.13737266	0.23509067	0.4992763	-0.09887021	-0.031120956	0.050153404	1.4566865	0.07558564	0.56890595	0.09634595	-0.06347322	0.33358997	-0.08395873	0.49368402	0.37341943	0.4161591
0.020766724	0.023373459	-0.04599897	0.03762268	0.0014684089	-0.034387637	-0.04066105	0.00030731037	0.0070712343	0.026775036	0.017658982	-0.023194527	-0.003915988	0.017607477	-0.019757867	0.013043795	0.017586898	0.021764431	-0.0121353045	0.0483662	-0.0054622777	0.040108155	-0.041688837	-0.03287797	-0.0052508824	-0.013141908	0.013886277	0.02880175	0.0093543045	-0.028154327	0.04796684	0.04119492
0.036305178	0.03615815	-0.014120974	-0.048647225	0.017737176	-0.045930564	0.03675318	0.027906429	0.04460926	0.0040399656	0.040027905	0.01116661	-0.048821747	-0.038386405	0.028895918	0.031444814	0.0050755963	-0.02923255	0.03135922	-0.011920929	0.027960513	-0.027952457	-0.021079063	0.0129955895	0.0015165806	-0.027841235	-0.025728524	0.041192446	0.033100512	-0.0203097	-0.049888503	-0.049467135
-0.05625095	-0.1432157	0.12228121	-0.7268282	-0.19245172	-0.27235162	0.32486752	0.3695463	0.60460126	0.49747235	1.0036582	-0.5445381	0.38889337	-0.5103241	-0.5098732	0.99192894	-0.3877914	0.2328507	-0.16413377	0.7101725	0.18556985	-0.44072846	0.32515734	0.13924295	0.6057541	0.51860684	0.36531267	0.52638537	-0.66791016	0.76217026	0.41721573	0.413043
0.24308035	-0.36766595	-0.46250677	-0.8006532	0.008120038	-0.52441394	0.34078074	1.3803653	0.92876846	-0.0037113596	1.129158	-0.19416311	-0.69023424	0.056722876	0.08506323	0.9223916	-0.14640792	-0.5543649	0.35211295	0.110496834	0.19901548	0.17635961	1.4387685	0.08871843	0.19118188	-0.09383418	0.40483496	-0.11215597	0.86400115	-0.13495092	-0.26557103	-0.034005105
0.47352996	-0.33457467	-1.0654125	-1.1107278	-0.39874396	0.10954693	1.9197164	-0.3519652	-0.5076251	-0.45517686	-0.14834233	0.28972074	-0.20856024	-0.50907147	-0.03294566	-0.03611026	-0.23535948	0.23409007	0.29581088	0.42695993	-0.09331117	0.25265932	1.0213425	-0.32841113	1.3920041	0.68812513	0.22311614	-0.38639665	0.11222425	-0.18197675	-0.10043842	-0.13542429
0.14783758	-0.5860965	-0.64921725	-1.0676781	-0.9388317	-0.284028	0.9703744	0.7664415	0.69211745	-0.6780689	0.73876077	0.42261767	-0.6906102	-0.44380018	-0.25186515	0.6163386	-0.34142163	-0.60758436	0.7263908	-0.4918552	0.35538208	-0.30055484	1.1773057	0.34235308	0.7365492	0.63869786	0.053151526	0.1831461	0.6953686	0.4511966	0.043721173	0.10456416
0.040193964	0.0396032	0.010676064	-0.028272081	0.018962909	-0.023135662	0.011710487	-0.031422414	-0.049901213	-0.009035088	0.01975466	-0.040931165	0.020813469	0.021669257	0.009143483	0.041311715	-0.030537903	-0.04236896	0.04084671	0.011249103	0.016224276	0.046951246	0.010984492	0.03228228	-0.036100127	-0.027815282	0.018026162	0.034855213	0.030803088	0.011116087	-0.04759053	-0.036469925
0.033739973	-0.009792447	-0.033575654	-0.020712173	0.02754673	0.031610336	-0.019009246	-0.04982084	-0.048809063	0.015705112	-0.0370057	-0.035797276	0.019731369	0.012739088	-0.046092093	0.0008376017	0.044450413	-0.013483308	0.04124688	-0.032576405	0.011521481	-0.014619648	0.028417911	0.023189012	0.023533393	0.04090101	0.018064711	-0.036306642	0.049686823	-0.040748823	-0.025216972	0.049050022
-0.37126145	0.14567178	-0.10175337	-0.5903561	-0.079303734	-0.27387258	0.5291742	0.45600075	0.35827938	-0.1851777	0.32204893	-0.116157174	0.10121413	-0.45316452	-0.3416443	0.81705976	-0.20008238	-0.14311707	0.38242933	-0.026010465	-0.2016727	-0.06598435	1.5375578	0.14651649	0.67569107	0.16900618	-0.23793389	0.7332074	0.12059927	0.15842259	0.53656197	0.026273243
-0.0040720105	0.016829345	0.031051222	-0.043076184	0.0133623	-0.00921781	-0.01631384	-0.0047638193	0.025158357	-0.014810562	-0.008660056	-0.0074990764	0.020225015	0.046280812	0.049489688	-0.034661867	0.046568517	0.044638302	0.036429975	-0.043321382	-0.014975391	-0.0048761144	-0.013225459	-0.02286526	0.034003142	-0.0035847314	-0.03406801	-0.026982283	-0.0031924136	0.036132503	0.014397573	0.03943068
0.05872186	0.05222475	-0.40545273	-0.28838763	0.09775379	-0.35297158	0.08961969	-0.18267563	0.026199313	-0.28748584	-0.25509048	0.36782977	-0.11093539	-0.21510279	-0.45966914	0.3046317	-0.3562266	-0.06986016	0.4404902	-0.0719461	-0.30362794	0.23786543	0.87731475	0.29322118	0.7525613	0.5173633	0.11233963	0.41666093	-0.040879343	0.20303658	0.81242305	0.017534427
0.74451226	-0.32366183	-0.23393127	-0.7432009	-0.36661425	-0.392416	0.42638013	0.5058	-0.16506921	-0.45389473	0.0507012	0.9169373	-0.17961282	-0.18237916	-0.15148425	0.30290824	0.022257846	-0.52106595	1.0491033	-0.35410884	0.0033515077	0.3506355	1.5804968	0.26197475	1.0024613	0.3144811	-0.12531614	0.21623333	0.3038464	-0.09789709	0.31947017	-0.18398824
-0.36931553	-0.9509636	-0.402083	-0.98986065	0.6316649	-0.040712304	-0.3696285	1.1908939	0.532974	-0.61446565	-0.3350808	0.13616356	-0.25933582	-0.20043585	-0.60065025	0.11667034	-0.59536785	-0.43083057	0.28730968	-0.38906565	-0.73436904	-0.63099515	1.5271689	0.4921554	0.7282309	0.17964055	-0.43870178	0.13556018	0.5047232	0.041265666	0.21681839	-0.00786199
-0.12634026	0.097071305	0.07989483	-1.1888944	-0.0085508665	-0.47574633	0.5751743	0.46978608	0.514491	-0.6809068	0.42696962	0.27215558	-0.45554242	-0.97469175	-0.5354989	0.8141986	-0.3758159	-0.21480708	0.49378684	0.25731933	-0.21765849	-0.02454919	1.5284901	0.46438155	1.1317371	0.9465469	-0.0010642939	0.57261777	0.008875392	0.24172162	0.37390995	-0.1842701
-0.5547305	-0.18279022	-0.058729354	-1.1371262	-0.0742799	-0.6261395	0.98665416	0.060318146	0.42346695	0.0066285743	0.4210182	0.30265674	0.30543995	-0.9928301	-0.6804502	1.1432728	-0.5376068	-0.39726424	1.25761	-0.119831815	-0.5103166	-0.072125025	0.65746766	0.78650755	0.85022724	0.89238113	-0.08974447	1.0288132	-0.4553265	0.22630675	0.34657884	-0.5611349
0.40567508	-0.30589205	-0.7412552	-0.6580979	-0.07444721	-0.5086487	1.4854258	-0.45464194	0.08797974	-0.1752323	-0.07196468	0.89311475	-0.58596045	-0.49955747	-0.4277104	-0.22060761	-0.25314948	-0.022560949	0.57437694	-0.18898611	-0.2206993	-0.07291189	1.1993979	0.350017	0.8406399	1.1993535	0.18295403	0.3451442	-0.26662594	0.2259494	0.74208754	-0.03695819
0.17251441	-0.6099485	0.11926255	-1.183047	0.18842433	-0.93886334	1.0148336	0.9289186	0.6873114	0.36379907	1.8245919	-0.033614278	-0.12425714	-0.89257294	-0.26177382	0.82605594	0.092751324	-0.64017093	-0.3203169	0.7645906	0.07008327	-0.18338002	1.1941903	0.44850078	0.8596364	0.36437705	0.40333053	0.5563662	-0.17241834	0.44877642	0.43171433	-0.36093765
-0.04773858	-0.0062221885	-0.02711749	-0.049927104	-0.002715744	0.0129018165	0.037784304	-0.021599626	0.021859337	-0.049238052	-0.019046748	0.04404414	0.010024797	0.042438876	-0.019767249	-0.005699206	-0.04428729	-0.03434018	0.039497856	-0.00948602	0.02545533	-0.047801435	0.04913411	0.040308725	-0.047846675	-0.02278967	0.043795887	-0.035413075	0.033795368	-0.0007387996	-0.03614316	0.040004883
0.14071228	0.2072332	-0.3890324	-1.0065286	0.008007446	-0.5462665	1.3878446	0.25970885	0.61176974	-0.11858792	0.5844415	0.29144916	-0.22461295	-0.88325787	-0.71121746	0.620686	-0.7655445	-0.5949454	0.68181807	0.43953645	-0.26788688	-0.15332864	0.909508	0.76527447	0.8908272	0.66217643	0.26501507	0.89780134	-0.3760116	-0.010735156	0.8734654	-0.107978106
-0.024057496	-0.018418014	-0.009086382	0.012029637	-0.027503764	-0.0141839385	0.04925177	-0.028742863	-0.01901933	-0.0045304894	0.004536189	0.020578954	-0.00023787096	-0.02965225	-0.01354165	0.007229507	0.014657501	0.03620405	0.03524406	-0.020872224	-0.024108792	-0.011453591	0.032756988	-0.015724622	-0.0448473	-0.01835234	0.02256414	0.043117736	0.02222791	0.045709226	0.033763554	-0.020444978
-0.27997214	-0.16025461	-0.3938811	-0.6850488	0.3188704	-0.41488236	0.08060829	0.70256984	0.6750826	-0.32524475	-0.022258006	-0.061376773	-0.31392598	-0.5213374	-0.7131619	0.42863238	-0.7496855	-0.46448675	0.008160103	0.06458254	-0.5913773	-0.16049494	1.0388802	0.7668625	0.8210833	0.639217	0.32204923	0.36149532	0.23932248	0.12899524	0.711448	-0.24498084
-0.19828533	-1.1111566	-0.4345205	-1.1128144	0.5145879	-0.1913273	0.34819356	1.5069782	1.3181028	-0.63331336	0.1073082	0.13554437	-0.57092744	-0.47483408	-0.62318087	-0.20848246	-0.8037341	-0.8851096	0.17368993	-0.02108951	-0.603412	-0.6280707	1.4402679	0.52309614	0.71664035	0.19736123	-0.0037090378	0.13582794	0.46397227	0.13972324	0.39979887	-0.18505484
-0.03573376	-0.017236888	0.04272783	0.0031721108	-0.010747097	-0.031880785	-0.041602015	0.03697132	-0.041745495	-0.024857342	-0.02349993	-0.010936774	0.044619743	0.015647326	0.0055890456	0.017062675	0.037569594	0.0027197003	-0.012458336	-0.027222527	-0.007847093	0.0346987	-0.011161961	0.006731689	-0.038381707	-0.033544563	0.041508283	0.00950719	0.011458874	-0.04531845	-0.029472912	0.0020076632
0.03814819	0.02544706	0.01732773	-0.019207692	0.026743662	-0.006134499	-0.044505287	0.0340156	-0.010974456	-0.01553309	0.020515036	0.033904467	0.025015164	0.017700825	-0.024331605	0.016885784	0.046921972	0.015506331	0.031383608	-0.022939587	0.025610518	-0.028784204	-0.03380952	0.04168454	-0.03497989	0.028149549	0.0073423013	0.039577816	-0.009239413	-0.04501746	0.033973966	-0.040229548
-0.043448832	-0.031246936	0.020147871	0.04925329	0.008993365	0.023341287	0.018893573	0.033219013	-0.040791355	-0.010236453	-0.03363637	-0.028877808	-0.009222757	-0.01757083	-0.047755193	0.048139367	-0.0034224018	0.020411398	0.027498271	0.0074227825	0.03409156	-0.016502868	0.04795302	-0.02939713	0.033151474	-0.019441891	-0.04383632	-0.019850885	-0.0030084625	0.016877506	-0.0055955276	0.009679697
0.23947473	-0.2914373	-0.20547645	-0.83309907	0.41091746	-0.7950869	0.7936817	0.5331096	0.59231466	-0.21359485	0.24339682	0.346258	-0.317407	-0.74855494	-0.7961918	0.48631975	-0.56722635	-0.5176291	0.42831653	-0.25048023	-0.35401374	-0.15472184	1.1485142	0.8055436	1.0217546	0.60169506	0.18203403	0.40616474	0.04299382	0.23833498	0.3017426	-0.3135217
0.36957824	-0.14398907	-0.45256504	-0.7232235	0.11527772	-0.9356231	0.7927216	0.5622227	0.83659685	-0.45079938	0.19461219	0.6104773	-0.7154478	-0.5222617	-0.66837883	0.5419652	-0.54189926	-0.9005392	0.5662971	0.012700766	-0.6917967	0.19241019	1.0387597	0.8715927	0.67603135	0.9671177	0.50932014	-0.15977894	0.49848247	0.23991986	0.4142066	-0.7224524
0.54735714	0.1522852	-0.63495594	-0.6460693	-0.060116645	-0.27573448	1.1426693	-0.07146175	0.17403719	-0.20264609	-0.08251132	0.28822163	-0.58611155	-0.48307058	-0.16723314	0.10350982	-0.26368466	-0.19322696	0.5678768	0.32312718	-0.25436118	0.43148673	0.7288857	0.34780622	0.79402095	0.8289174	0.5648959	-0.14249288	-0.094066255	0.078623146	0.3018649	-0.32918215
0.0481282	-0.044399	0.0037522428	-0.023486972	0.023304094	-0.03923025	-0.032097578	-0.040830325	-0.021999134	-0.042780902	-0.029138172	0.008913539	-0.017135441	0.0082453005	0.010662831	-0.030908573	-0.018665552	-0.049727704	-0.0035034306	-0.006737221	-0.012753807	0.00021326542	-0.04824977	-0.030931486	-0.009919118	0.047912646	0.031630766	-0.0045037046	-0.04290539	-0.038727604	-0.017300535	0.022285711
0.019806195	0.0408512	-0.018888438	0.013799716	-0.026836634	-0.049397886	-0.026392126	0.009933673	0.017309096	-0.012649428	-0.027645087	0.041296724	-0.004948925	-0.006713439	-0.047990263	-0.008036982	-0.03071326	-0.009782445	0.016061295	-0.012819838	-0.041609477	0.0300087	0.02004372	0.026905205	-0.036949076	0.016722452	-0.011806726	-0.03189818	-0.013807487	0.034015264	0.01743729	0.025618587
0.51906216	-0.68960285	-0.10083897	-0.7289174	0.4531788	-0.7585302	0.82781327	1.1268982	0.78087103	-0.28754294	0.25104424	0.15051965	-0.47173998	-0.35366318	-0.47892535	0.30371422	-0.3265645	-0.71124697	0.053460512	-0.24935593	-0.3302295	0.120326884	0.94480735	0.7369233	0.78279054	0.8225853	0.42496353	0.120548666	0.55125684	0.14183722	0.29857373	-0.75377196
0.4076894	-0.37404525	-0.23074828	-0.70731634	0.41169974	-0.6170096	0.52613616	0.6959791	0.7686876	-0.31703964	-0.10402696	-0.141314	-0.3749087	-0.21562399	-0.60500246	0.550978	-0.60919	-0.53508157	0.13516471	0.3688426	-0.5616231	0.11831075	0.65255404	0.63814825	0.7125056	0.7456435	0.48401043	0.2181851	0.20349021	0.119592875	0.60977536	-0.541714
0.32509825	0.10754691	-0.49510482	-0.65229386	0.17450006	-0.6447607	0.72779745	0.11042558	0.37978595	-0.19215645	-0.0056042415	0.55585647	-0.6830091	-0.58712435	-0.6110418	0.21865349	-0.5807131	-0.5300386	0.55849105	0.35791677	-0.584649	0.123642616	0.81054354	0.74242896	0.72856355	0.8898899	0.52696866	-0.16033883	0.055332385	0.33136123	0.38646984	-0.3798239
-0.04575764	0.009368062	-0.015134431	-0.019611442	0.010139465	-0.043310333	-0.009684049	0.0065414086	-0.04283836	0.0032056458	0.016964342	0.011430085	0.039463174	-0.013909973	0.008688949	0.03855482	-0.030163312	0.009263027	-0.013488792	0.02912413	0.016228508	0.0014776587	-0.027184725	0.03887758	-0.021539772	-0.03309931	0.033719312	-0.027713656	0.012535725	-0.021913398	0.006377779	-0.043040026
0.03212199	-0.03257575	0.03458791	0.025947277	0.04294547	-0.034872103	-0.025085414	0.01789317	0.00929879	-0.006986797	-0.019799042	0.007880129	0.038024258	-0.0115272775	0.023036074	0.01554184	0.03844774	-0.017564189	-0.036578238	0.042507898	0.037861515	0.020957444	0.046222482	-0.024803912	0.0027668476	-0.029977381	0.015125286	0.040450085	-0.0045405626	-0.021103656	0.0024980083	-0.04317644
-0.01725936	-0.021897996	-0.0053172484	-0.026814377	-0.0059980154	0.0027359948	-0.017575026	0.044248704	0.0009308085	-0.023581242	-0.039740957	0.033023264	0.023580853	-0.011451542	-0.03285046	0.009910561	-0.021513069	0.008934855	0.049291227	-0.006579004	0.042791832	0.047111485	-0.032953583	0.006912373	0.029492151	-0.006366454	-0.0013305917	0.008897115	-0.016973604	-0.0038498417	0.04741094	-0.016844202
