0.017762933	0.026263189	0.015870307	0.036264803	-0.033262573	-0.04182867	-0.009365082	0.048602294	0.04045302	0.015354339	0.0250105	-0.047010135	-0.043507267	-0.0035667047	-0.01804633	0.029332582	-0.01385653	0.033036914	0.02113339	-0.0011304393	-0.019100357	0.0480736	0.048506033	0.03454185	0.044725146	0.039023492	0.014726434	0.01571143	0.02812438	-0.01941265	0.009388935	0.019145634	0.036339533	0.024976347	0.017153312	0.010756291	-0.024462832	-0.025280714	-0.02019676	0.011707604	0.0034372583	-0.042061508	-0.03276124	0.010824539	-0.029866457	0.02778865	0.023510251	-0.01363511	0.018927302	0.014168415	0.0470122	0.023702059	-0.024994243	0.0048388243	-0.028963208	0.03644893	0.0330248	-0.018848062	-0.014832281	0.016871478	0.045002077	-0.014576148	0.0072357543	0.00084563345
0.022709817	-0.012017211	0.38032985	-0.034801744	-0.123919494	-0.012231943	0.3080818	-0.1075781	-0.16910787	-0.0045419172	-0.29850906	-0.30834273	0.15405703	-0.040627655	-0.042877782	-0.0740492	0.54786235	-0.24153014	-0.3646059	-0.049462475	-0.009859966	-0.033319917	-0.28668746	-0.26603043	-0.10020649	-0.06717395	0.13916229	-0.041044727	-0.494158	-0.06608939	-0.07442333	-0.03528873	0.1535016	0.15721431	-0.021132441	0.018633151	0.0897357	-0.12191721	0.07192681	0.47998583	-0.005482026	-0.090749934	-0.15486972	-0.11746457	0.45309323	0.6400357	0.45189208	-0.019621931	0.17336808	-0.15536298	0.016308196	0.11128396	-0.14555597	0.12821685	0.23503906	-0.19678198	-0.22907935	-0.19059539	-0.019606564	-0.19857593	-0.13352786	-0.10220362	0.105816066	0.11004209
-0.15347548	0.32784006	0.35322762	-0.8323097	-0.021620167	0.15052788	0.53452194	0.30130383	-0.3442587	-0.746538	0.18561445	0.2746948	-0.2627299	-0.4902805	0.11622736	-0.28756022	-0.084741384	0.4202566	-0.0538633	0.21477728	-0.15896738	-0.27890223	0.24658653	-0.6240112	-0.28960818	-0.83266664	-0.19730727	0.3937618	-0.4977101	0.49384993	1.1037388	-0.005754778	-0.422538	-0.5018366	0.1401298	-0.036843155	-0.15969217	0.031831212	0.06309135	0.07794181	0.40525162	0.33396208	0.27599213	0.74805075	0.0008802548	0.33463278	-0.07583647	0.07981829	0.46833232	-0.114610285	0.26716685	0.075231634	0.3980359	0.43587434	0.042246543	-0.36699048	-0.58958524	0.5442586	-0.14522566	-0.22521797	-0.52731514	-0.17797917	0.35575765	-0.2817911
-0.11438497	0.4041191	0.5084292	-0.9983751	-0.22234075	-0.63316935	1.0502249	-0.038059868	-0.23462334	-0.70865774	0.4839914	-0.04842901	-0.2517516	-1.0802801	0.4815573	-0.17693663	-0.40950263	-0.05917591	0.08056352	-0.07535161	-0.54463464	-0.3294398	0.2522902	-0.5648716	-0.28815827	-0.14003606	-0.54735976	-0.09061694	-0.27720654	0.3618956	0.8370137	0.154302	-0.19991533	0.008429193	0.35274744	-0.060352575	-0.11167299	0.21594074	0.12786943	0.19849688	0.1452054	0.17242783	0.3250171	0.37608933	-0.24323325	0.084706485	-0.032785084	0.2933947	0.21239841	0.28727904	0.071578085	-0.75759006	-0.03678984	0.50261676	0.14482544	0.19745587	-0.22049567	0.2527076	0.22153553	0.11006512	0.6254035	-0.28601867	0.3430327	-0.12688152
-0.4882252	0.70221657	0.44519097	-0.040505175	0.24744469	0.29504424	1.047706	-0.0021712382	-0.52160686	-0.4550836	-0.48661003	0.09804513	-0.40656376	-0.6341696	0.5381208	-0.6648066	0.18533161	0.8091168	0.49468485	0.18491706	-0.3910812	-0.2206901	0.0026612643	-0.32870165	-0.6929888	-0.7586102	-1.1614072	0.588619	-0.61108077	0.41371042	0.90369654	-0.23054336	-0.16211626	-0.3791579	0.036573663	0.085786454	-0.32935488	-0.15407069	0.13322881	0.19195507	-0.14751415	0.13244171	-0.13068105	0.31499407	-0.14132431	0.19421819	0.020140225	0.09248792	0.11755573	-0.94904315	-0.030311009	0.08404987	0.5864073	0.04104487	0.13881913	0.1377039	-0.27718478	0.5955275	-0.020877331	-0.21114688	-0.38020846	0.32233235	0.38429168	0.036980435
-0.33232278	1.0116752	0.31765625	-0.45399103	-0.6069121	0.20589256	0.32428825	-0.065572895	-0.30759627	-0.38343808	-1.1464324	0.22955236	-0.13668737	-1.7688953	0.6502289	0.18315206	0.35636833	-0.34719384	-0.5058161	0.34585848	-0.6668237	0.0024921522	0.32121366	-0.6558979	-0.42295435	0.012374655	0.22018488	-0.058967575	0.088175654	0.51381487	-0.06537111	0.26073897	0.45615572	-0.07305563	-0.16317648	0.091192245	0.5906631	-0.010620937	0.36432764	-0.15946282	0.018053763	-0.06467635	0.41559663	-0.050184764	0.98460627	0.31934634	-0.4294671	0.73753023	0.23780711	-0.076972835	-0.10508864	0.1751621	0.2764409	7.3446454e-06	0.39017457	0.040613275	-0.51631814	0.12605093	-0.5130382	0.05454853	0.3059993	0.73551244	0.19049089	0.3041638
0.26296625	-0.44929755	-0.07297262	-0.91353285	-0.86661714	-0.09250547	-0.10144162	0.31851795	0.8980051	0.43191525	-0.2786186	-1.0736878	-0.5056229	-0.32193837	0.06842971	-1.2400588	-0.21356069	-0.4876719	0.15583047	-0.79557854	0.67821395	-0.5150114	0.38030982	-0.108070575	0.08892594	-0.6734252	0.038834482	0.52002037	-0.29533118	-0.71893466	0.040865686	-0.28573743	-1.1299986	-0.28474638	0.44598427	-0.38815427	-0.7356336	-0.2925758	0.76684266	0.62797266	0.23222177	0.72428083	-0.15788409	-0.05695762	-0.5165166	-0.28924677	0.4332131	-0.07783947	-0.023648268	-0.0052787345	0.418379	0.14946602	-0.054399773	-0.58323693	0.8441569	-0.9482005	0.40682074	-0.011693312	-0.5713695	0.08905794	-0.74372023	-0.50193346	-0.45077166	-0.022201808
-0.48022145	0.759945	0.15332682	-0.8693233	-0.012847763	-0.15095668	0.39342353	0.030128501	-0.35582572	-0.5709987	-0.6687727	0.031399578	-0.1960624	-1.5084245	0.35510558	0.481436	0.20503962	0.19769502	-0.07124225	-0.09083275	-0.4750477	0.04719713	0.08851702	-0.07673896	-0.314033	-0.07917475	0.26642704	0.07517023	-0.63678133	0.96056205	0.11584345	0.41148353	-0.012304549	-0.32292557	0.2575338	0.1842121	0.16423063	-0.29606032	0.12030953	-0.25518057	-0.5807129	-0.25579426	0.2805868	0.36616626	0.6869983	0.046584312	-0.17054881	0.5062259	-0.08111138	-0.6047771	-0.10737225	0.09069326	0.6749066	0.10627201	-0.04863563	0.16954784	-0.21728715	0.80536866	-0.9203636	-0.0150898015	0.28740165	1.2311225	0.33673102	0.02416602
-0.58633065	0.48957393	0.5683911	-0.8375233	-0.14638573	0.119131066	0.9466467	0.11479204	-0.5807752	-0.07093747	-0.19955198	0.052558716	-0.56923795	-0.53416157	0.57218987	-0.3873038	-0.30370843	0.14557679	0.00017414344	0.14271417	-0.40440023	-0.40084028	0.03321674	0.13235368	-0.20379038	-0.47257066	-1.3512558	0.3046171	-0.26610765	0.2388346	0.5022768	0.10125358	0.23955812	-0.35490045	0.0033000764	-0.78912544	0.5435666	0.4778617	-0.1455864	0.23780696	0.45446587	0.0119288685	0.7090954	0.086767815	0.5621458	0.14810489	0.41207698	0.05800382	0.19494452	0.032720834	-0.12771834	0.25998935	0.365666	-0.03761799	-0.47866216	0.08724466	-0.2787536	0.23258418	0.14786884	-0.29847458	-0.27251956	0.014909625	0.31441677	0.12599379
-0.087778375	0.625127	0.40252963	-0.97789365	-0.6589818	-0.27083945	-0.07102332	-0.13237236	-0.1383629	-0.41760176	-0.11742287	0.023461327	-0.12533577	-1.4997078	0.86332524	0.31374937	0.6188241	-0.5369147	-0.43054217	-0.30378625	-0.31572527	0.325213	0.4838523	-0.100728005	-0.607111	0.27140725	0.7352224	0.19333357	0.52650946	0.01777695	0.4968999	0.23621206	0.23466831	0.31522462	0.06698246	0.17106351	0.56858975	-0.124851555	-0.23521316	-0.22018053	-0.016735096	0.46791917	0.4735988	-0.31744954	-0.056605253	0.7686755	-0.20233321	1.3037957	0.056082033	0.031302013	0.22249523	-0.3876208	-0.13355276	0.18583208	0.1555578	0.085927255	-0.37005404	0.29283318	-0.7010663	0.47712773	0.6905721	0.6676532	0.25441056	0.35841268
-1.0882019	0.71804124	0.067237176	-1.2034084	0.30676624	0.042298973	0.08500954	0.14931758	-0.46706972	-0.72188294	-0.2663816	-0.25314087	-0.059121404	-1.5733303	1.2776306	0.36746314	-0.06630591	-0.108331874	-0.6180754	-0.50959384	-0.5339207	-0.21432021	0.274428	0.002863764	-0.59272677	-0.3141464	-0.2980255	0.74276066	-0.14081816	0.27374446	0.11792547	0.6877289	0.95284104	-0.17550841	-0.46197268	-0.46506637	0.48799905	-0.16073212	-0.07992451	0.19999096	0.08698903	0.12672271	1.2943401	-0.47529617	0.07147782	0.55359656	0.4058386	0.8074172	0.3032368	0.24848433	0.028332062	0.094188996	0.7454415	-0.52454174	-0.040458445	0.6119505	-0.0412236	0.5959351	-0.22304304	-0.04404809	0.4214907	0.6679897	-0.402715	0.6158652
-0.2613723	0.4340692	0.34325117	-0.25683677	-0.043528676	-0.06600081	-0.052046027	-0.0838299	-0.4577442	-0.50966996	-0.15656407	0.2675816	-0.2738122	-0.6221811	0.03052676	-0.18640578	-0.71012807	0.17595088	-0.6095233	0.06062202	-0.35621834	-0.6270232	0.13769199	0.12942283	-0.5962627	-0.11988057	0.29324332	0.03720298	0.13055012	0.018071143	0.14780009	0.3430231	0.40518388	-0.052386675	-0.33496988	-0.0396291	0.32278708	-0.5315897	-0.14727494	0.3063003	-0.10463308	-0.13384773	0.7044776	-0.47315988	0.15974016	0.7635641	0.07991781	0.059399847	0.33189085	0.35790253	0.08645202	0.3105196	0.27710578	-0.3453387	0.12932706	0.09921604	-0.093240246	-0.36580026	-0.29203206	0.13146432	0.38293627	-0.2205845	0.03591365	0.17210831
-0.69243705	0.011577313	0.8027585	-0.18792923	-0.17436314	-0.24037437	0.49019778	0.2497002	-0.0863371	-0.45150408	0.19654828	0.3523422	-0.28921556	0.4321105	-0.30817354	0.08241432	-0.4338797	0.012493165	0.33990338	-0.29198024	-0.27603975	-0.070619054	-0.063800335	0.059162658	-0.82809174	-0.2533733	-0.30740863	-0.023000559	-0.7865945	0.2120267	0.90102994	0.05578003	0.040848725	-0.46709386	-0.07800233	0.48518446	0.46961933	0.61819345	-0.113972105	0.2831578	0.08621095	0.09012216	1.1131785	0.4551886	-0.33057076	0.6784578	0.53556633	0.49679932	0.28650835	0.6960506	-0.69394237	0.08001101	0.5552575	0.6048138	-0.15730965	-0.21194464	-0.106663354	0.48904595	0.35392085	-0.43790156	0.26643157	0.075057775	0.15061976	-0.5624107
-0.20613475	-0.24865037	0.6986996	-0.17006004	0.6999397	-0.5914441	0.26744115	-0.03378292	-0.5603598	-0.820546	1.0880305	-0.20027342	-0.7368577	0.23023272	0.24829817	-0.04149306	-0.82395095	0.23502257	0.080159314	0.090380184	-0.4071668	-0.9219645	0.42584065	0.25098038	0.12631917	0.61041844	-0.19926201	-0.3833518	-0.5103699	0.10896254	0.16856493	0.2495929	0.58140534	0.34246013	0.6912851	-0.8060737	0.2721189	-0.19120665	0.4848052	-0.14012174	0.0075516915	-0.8610619	1.0691633	0.5350116	-0.2604134	0.20859493	0.5092147	0.042742137	0.14775115	0.77019036	0.41108403	-0.083984114	0.5199213	-0.6831096	0.03592541	0.70468307	-0.2744301	-0.015256311	-0.11793281	-0.5465517	0.12508562	0.39483386	-0.42851827	0.8708104
0.2600756	-0.74453396	0.7940701	0.34767094	0.27073812	-0.26844445	0.4408351	0.50626594	-0.76761395	-0.463808	0.38888663	-0.18670703	-0.07669512	-1.0273536	1.1101407	-0.57030344	-0.23964739	-0.10817565	-0.29591483	1.0982697	-0.5121748	0.18671581	0.18211767	-0.9010788	0.29173276	0.4245845	-0.9873484	-0.3432582	-0.5401496	-0.00912272	0.21579841	0.103756264	0.48487258	0.50156265	0.642204	-0.2924438	0.42566067	-1.1092234	0.17025875	0.58350253	0.6937437	0.16949542	0.21325043	-0.13658424	-0.70524746	0.019407326	0.53245664	0.06512596	-0.10879544	-0.60039324	0.017617004	-0.7450743	0.37396523	-0.7917522	-0.08575946	0.81063205	-0.7051015	0.064670384	0.23775992	0.3680455	-0.3790948	-0.96095604	0.17803538	0.9746985
-0.43801102	-0.43972853	0.31141877	-0.17293154	-0.24656142	-0.31427774	0.017752906	-0.060763966	-0.2094417	-0.46579129	0.15145826	0.8866437	-0.21131939	0.41219136	-0.7040394	0.03966109	-0.3546733	0.16655824	0.6880916	0.34160236	0.2966175	0.4014312	0.13716024	-0.46014866	-0.6184493	0.27716765	-0.30002165	0.32278788	0.11478547	0.62289524	0.7224813	0.40893337	0.0029287285	-0.08151125	-0.026275927	-0.3223146	0.22002795	0.53616744	0.05065609	0.75251806	0.6605688	0.24510957	1.5119398	0.22965749	0.10633093	0.052740816	0.45237228	-0.45395517	0.53353983	0.0010663188	-0.6218676	-0.06844434	0.86580575	0.7148823	-0.6323438	-0.06441678	-0.57106256	-0.11175597	-0.0462161	-0.18122436	0.063700795	-0.41979048	0.074719414	-0.08492878
-0.048068363	-0.048180923	0.40396237	-1.1296068	0.070842765	-0.64630413	0.2606013	-0.6757253	-0.2529479	-0.42789352	0.5525066	0.13330755	-0.78302205	-0.25155464	0.36646682	-0.08591878	-0.7413562	-0.061643455	1.342309	0.2832597	0.41443214	-0.3483175	-0.19570467	-0.5559499	-0.3332204	-0.04068077	-0.18745425	-0.893584	-0.52280027	1.122705	0.16934519	-0.47812694	-0.51179636	-0.50429505	0.12449524	-0.51438123	0.44405296	-0.8175325	0.27952367	0.22934724	0.31828037	-0.50049424	0.58407235	-0.20641534	0.10825617	0.38841173	0.12778172	-0.13055502	0.1427327	0.8531849	-0.49217555	-0.2520532	0.47792324	-0.64084834	-0.18526006	-0.25030982	-0.39224407	-0.070620455	0.0017731466	0.1620055	-0.3034538	0.382463	-0.25514632	0.4747242
-0.18045203	0.009092217	0.73067063	0.12744443	0.21431975	-0.29599383	-0.31653038	-0.10643402	-0.20882028	0.03999661	0.0533038	0.04611429	-0.031458907	-0.031542283	0.084020436	-0.14878474	-0.2998368	-0.03738666	0.19032086	0.2595348	-0.34120905	0.6533528	0.10179247	-0.19053416	-0.6127419	0.44931972	0.26780766	0.013433741	0.32981554	0.021289619	0.059803843	0.18453163	0.05738165	0.28663227	-0.040262844	0.23835666	0.9190204	0.021602936	0.18133627	0.28813362	-0.35501984	-0.13167168	0.41642365	-0.10277192	0.07123188	1.4204731	0.3164808	0.19074936	-0.011154968	0.29533687	-0.24899055	0.061618738	-0.29990926	-0.37597734	-0.043439362	-0.01304109	-0.13299377	-0.3112978	-0.8506608	0.12723204	0.28568354	-0.08708733	-0.15001388	-0.4119784
0.21712053	0.3241291	0.57190996	0.35512137	-0.92782515	0.2905828	0.40797985	-0.36771578	-0.12179699	-0.1914883	0.27715012	-0.24496923	-0.18218163	0.6717572	-0.52018446	-0.13572901	-0.1858583	0.31870455	0.12543216	-0.30347037	-0.30381957	0.16907547	-0.1583496	0.55847704	-0.41174152	0.13383022	-0.059464656	-0.47355506	1.1299298	-0.40270168	-0.56443346	-0.043596976	0.36499944	-0.089199014	-0.06662164	-0.518242	0.1297078	0.35132357	0.32763433	-0.0926099	-0.48471835	-0.28072757	0.48388687	0.044944342	-0.27652642	0.7155826	0.48760796	0.20174353	0.23854925	0.892637	-0.025909364	0.49551174	0.34563884	-0.8195541	-0.49328962	0.06391543	0.12608503	-0.8096727	-0.24073261	0.44288895	-0.02423953	0.28424177	0.048449174	0.38443443
0.39292765	-0.06445976	0.45265177	0.19598415	0.06220963	0.2543161	-0.8106515	0.5630885	0.3047266	-0.6631701	0.7044984	0.19129238	-0.2629648	-0.35869455	0.97570544	0.19398826	0.1033743	-0.13122515	0.28603202	0.9405595	-0.19652098	-0.26819015	-0.16728666	-0.28748748	0.31190255	0.6138531	0.58527863	-0.56909543	0.8413603	-0.43019825	0.29212645	0.74666244	-0.3798233	0.2650576	0.044244654	-0.3559149	0.093650684	-0.20684975	-0.81482613	-0.04080032	0.18333356	0.3762132	0.1879775	-0.07935174	0.07479638	0.2486259	0.3292307	0.14153253	-0.42773756	1.2204729	-0.36137345	-0.012895051	-0.1539637	-0.31804585	-0.34730664	0.6298327	-0.6140236	-1.2171037	0.008235625	-0.078366876	0.4507488	0.06991212	0.20174947	1.0777425
-0.49696088	0.22283414	0.39600867	0.018158613	0.109221034	-0.1418933	-0.011692564	-0.09467888	0.26910132	0.3034245	0.15508093	-0.049561746	-0.37589735	-0.22761847	0.2187663	0.29684803	-0.80056286	0.29365313	-0.024318257	0.1593445	0.15297422	0.42952132	-0.06310186	-0.11483815	-0.355748	0.11199484	-0.57579637	-0.3521492	-0.21698174	-0.16911848	-0.4054624	0.093844295	0.009499179	-0.54531896	-0.22492915	-0.08075223	0.6356945	-0.072959885	-0.006873606	0.7174196	-0.022308042	-0.24800871	1.439874	0.42109427	-0.15787913	-0.054697108	0.89399683	0.12078372	0.3598839	-0.28637233	-0.28469554	0.24076019	-0.115363814	-0.42598733	0.019362248	-0.26464644	0.14064941	0.1806035	0.04515783	-0.13381469	-0.62441844	0.098105274	-0.11678032	-0.29701936
-0.21075505	0.06735383	-0.49504086	0.04826124	-0.981797	-0.012061646	0.504932	0.094178356	0.35234237	-0.23526491	0.4928726	0.41927707	-0.5181264	0.43944994	-0.14917804	0.640938	0.29107758	-0.26580933	0.068437956	0.072509475	-0.045299023	0.49465355	0.2688263	-0.009124232	-0.9613373	0.47888038	0.33857664	-0.27471805	-0.7206658	0.36176986	1.4345545	0.11233863	-0.013640418	-0.7116113	-0.29167822	1.0923759	0.80547273	0.5678523	-0.73485774	0.6865828	-0.36394972	0.37471148	0.70211446	1.0827037	1.123969	0.64892167	0.45535406	0.31704578	0.13107131	0.23787524	-0.42877847	-0.11980786	-0.39228955	1.2914764	-0.48559928	-0.69884884	-0.2998957	0.06498351	0.2339314	-0.22729371	0.62531304	0.47366816	0.48467237	-0.46506947
-0.18654892	-0.16692111	0.26320666	-0.96363425	-0.41788343	0.11583064	-0.03571739	-0.15559378	-0.087616205	-0.30432293	0.25333884	0.41333082	-0.5122733	0.308191	-0.43359897	0.3569539	0.083301485	-0.042736482	0.031743683	0.25481954	-0.16581237	0.54651964	-0.075118266	0.34117708	-0.5621156	0.6897811	0.37827736	-0.61840963	-0.110449255	0.83823377	0.28461844	0.12712876	-0.2033033	-0.23912516	-0.042118773	0.58600944	0.3214289	0.43740538	-0.45433667	0.5634685	-0.6696293	0.33389387	0.47203636	0.3905707	0.8946803	0.5432884	0.2186929	-0.029247763	0.20425935	0.4115138	-0.59887654	-0.31510788	-0.08342948	0.5410386	-0.046472132	-0.01201907	0.00054117	-0.2775236	0.13558853	-0.04098406	0.048296634	-0.48622695	0.36663222	-0.18156673
0.29168457	0.792489	0.08943183	-0.5857236	-0.39104873	0.11886594	0.3024819	-0.06937977	0.20170574	-1.0538346	0.54734313	0.64340407	-0.89338577	-1.379301	0.22132327	-0.15787823	-0.14137176	0.051290404	-0.39642835	0.76845837	0.035860326	0.8906004	-0.0138075175	-0.092900075	0.15336053	0.4226862	0.41302246	-0.5629031	0.14312825	0.024281092	0.23009105	1.1762466	0.43848264	-0.16124558	0.08689332	0.29212686	0.43242308	0.5290043	-0.36378863	0.32242206	-0.3494433	-0.8758828	-0.10365683	0.04109485	0.8710126	0.7075184	0.3833541	0.14015429	0.0076151337	0.9755141	-0.7330793	0.2948639	-0.34973186	-0.19387503	0.33073387	0.49375775	-1.0145652	-0.4486879	0.37491536	0.6600089	1.2572361	0.04838708	0.28139582	0.5670704
-0.4909533	-0.28585917	0.26102275	-0.23607445	-0.065811835	0.052415866	-0.20697954	0.020683318	0.054281596	-0.0073175393	-0.17651121	-0.38786855	-0.86925966	-0.38185635	0.31139657	0.24144697	-0.4590394	0.028364068	-0.045970816	-0.10111712	-0.22785573	-0.3837266	-0.32720107	0.07881544	-0.2557218	-0.26233274	0.24922077	-0.4858906	0.23523225	-0.4226574	-0.12843478	0.43262595	0.44120163	-0.45091483	0.19933546	-0.10423628	0.15509072	-0.18087709	-0.08741759	0.5558101	-0.33168116	-0.057699814	0.66098744	0.27131554	0.29589546	-0.028037213	0.8739586	-0.07570625	0.019724282	-0.016130056	-0.7858905	-0.12177024	0.55362105	-0.038210984	-0.24417832	0.38118792	0.021234823	-0.19526482	0.117151394	-0.21976583	0.24192625	-0.26688665	-0.23756345	0.25864226
0.6677324	0.37289035	0.23386313	0.12127457	-0.42793372	-0.017558038	0.9753569	-0.018599914	0.3386899	-0.5222661	0.6967449	-0.2437427	-0.12256415	0.5632792	-0.17372175	-0.12813014	-0.8214741	0.37584382	-0.35600382	-0.04280795	-0.09605373	0.8368055	-0.07862793	0.45320553	-0.6673915	0.10549239	0.17086178	-0.8267052	0.82839876	-1.0172448	-1.0382524	0.1101298	0.29280186	-0.23992078	-0.0032721083	0.28015074	0.41194385	0.16765079	0.45124358	0.15744928	-0.31043625	-0.64445984	0.86054045	0.23798075	0.017203713	1.3039979	0.56712097	-0.22916098	0.25307095	0.336876	-0.21653123	0.4177884	0.41907582	-0.3328956	-0.44960856	0.26165617	-0.07121707	-0.6051718	0.33010128	0.5075961	0.4300499	-0.039142825	0.27522367	-0.45786265
-0.09468941	-0.014942247	0.16708075	0.30599657	0.08531861	-0.0712751	0.3902209	-0.19544868	0.5650904	0.7110538	-0.54079115	-0.24701117	-0.7823729	0.3039012	-0.7764787	-0.5513697	0.14963025	0.31627902	0.3501593	-0.23857066	-0.13454561	-0.26679188	-0.18336512	-0.1487141	-0.16772005	0.02971327	-0.14460641	0.30200425	-0.0589819	-0.5598778	-0.20067582	-0.29985034	-0.09066753	0.025355414	0.3934846	0.2706214	0.42098853	0.28783444	-0.0821304	0.613824	-0.1729794	0.43160266	0.29252824	0.0048850747	-0.19022891	-0.186612	0.23023322	-0.2784112	-0.03824137	-0.4878345	-0.013920513	-0.5338596	0.27774662	0.3792406	-0.26663917	-0.003077146	0.2536145	-0.06786589	0.5626761	-0.61318713	-0.30988204	-0.6115127	-0.1862062	-0.060601655
-0.17752816	-0.02870354	0.2522735	0.038501214	-0.17685743	-0.15118542	-0.0732521	0.05578044	0.19985096	-0.106901966	-0.10653168	-0.07517032	-0.6545187	0.33366624	0.16018917	0.020482752	0.109530576	-0.016457899	-0.113334715	0.16849792	-0.06842964	-0.295252	0.2405374	0.08559185	-0.069023974	0.27005127	0.14486527	-0.16818833	-0.0071613165	-0.15923692	0.051736753	-0.18078837	-0.0864963	0.014875599	0.046972908	-0.35861102	0.27457157	-0.041354287	-0.24196547	0.6942012	0.044346817	-0.07536377	-0.1103536	-0.04261188	0.34647343	-0.07644465	1.3394043	-0.060387336	-0.10867477	-0.048249446	0.010998968	0.00819349	-0.16228381	0.14960761	0.19406421	0.0092740655	-0.090018064	-0.048894703	-0.06092266	-0.031941026	0.37301853	0.09225082	-0.09349267	0.29848027
-0.4296425	-0.24359679	-0.46121594	-0.51669097	-0.41411352	0.54670894	-0.31316656	-0.061864216	-0.08137085	0.40619203	-0.49075535	0.21064086	-1.2663193	0.16655722	0.28209952	0.19710557	0.67302805	-0.4034025	-0.18595688	-0.3179898	0.7591756	-0.57082975	-0.31292754	-0.21410853	0.19418873	-0.31145105	-0.35944647	0.21191536	0.7531384	-0.029380126	-0.23451538	0.3264273	-0.07992281	-0.7515258	-0.1634302	-0.82967883	0.07590018	0.2266255	0.100396134	0.88732445	0.61304754	0.24630974	-0.14852902	-0.2919542	-0.044586472	-0.38417894	0.6378474	-0.12205406	0.09702946	0.07067991	0.0651075	0.55843115	0.50161815	-0.639938	-0.08855805	-0.87111855	0.18103437	0.09486215	0.0052379556	-0.5520473	-0.58626246	0.17065686	-0.5152274	0.36594418
0.15764761	-0.7349578	-0.35624513	-0.904566	0.02608822	0.4982882	-0.22484088	0.14687027	0.29349568	-0.25687963	0.61009055	-0.16626963	-0.30866188	0.17426819	0.17544778	0.095039636	0.46426427	-0.5170567	-0.63569266	-0.76940316	-0.29684702	1.4548938	0.256745	0.50751626	-0.6851438	-0.546472	0.7212943	-0.42224574	-0.154835	-1.0662138	-0.33133	0.40747947	-0.15883626	0.4479573	-0.37735206	0.3574252	1.1171944	0.6942044	-0.09490776	0.59797084	-0.4834227	-0.011326619	0.0704896	-0.2100255	-0.79145616	1.3884767	0.552951	-0.0033314684	0.49509305	0.76689225	-0.39072514	0.25551537	-0.0030008967	1.0477253	-0.8766599	-0.47045252	-0.23087694	0.31296584	-0.0014512169	0.24508005	0.11100859	0.3380468	0.5374101	-0.25220808
-0.35105997	0.2998861	-0.04659615	0.05575099	-0.14822863	0.109701976	-0.19434933	-0.2874655	0.4538916	-0.37016562	-0.018485093	-0.046526346	-0.43772587	0.3818028	-1.0002115	0.3465421	-0.19311796	0.09364361	0.6231125	0.049186654	0.7430116	0.9823752	-0.34876636	-0.27069336	-0.44676483	-0.080127016	-0.5633752	-0.04250709	0.60448545	0.06679551	0.50807333	-0.7735038	0.21956806	-0.46926662	-0.36628792	0.105086856	0.6656133	0.8158493	-0.5349053	1.341912	-0.41689405	0.033956934	1.2056291	0.30790004	0.08206751	-0.15644479	0.4151111	0.062502004	0.8037718	0.010661655	-0.22229393	-0.38119906	-0.08648317	0.68172884	-0.49717295	-0.0522764	0.19677655	-0.11228609	0.31563744	-0.8724239	-0.26192814	0.4954077	-0.34527138	-0.7726009
-0.98118675	1.0256741	0.53159267	-0.60630333	-0.5386827	-0.040748958	-0.6675156	-0.26682633	-0.0025191726	-0.0050785774	-0.40752593	0.79708856	0.065960415	-0.12026341	-0.2121264	0.5625741	-1.4024782	0.45447162	0.305915	-0.16319329	0.5807253	-1.5894709	0.35933632	0.82775086	-0.39157528	-0.10738121	0.5518566	-0.009985065	0.42658716	0.5941962	-0.05169794	-0.1488713	0.16936834	-0.9756605	0.9624523	-0.91526145	0.14184165	-0.9097431	0.14084855	1.1300516	0.10027996	-0.06602546	0.2357656	0.53759426	-0.05515516	-0.74817723	1.119435	-0.5475124	0.1501081	0.8163359	-0.35637608	0.48618564	0.95574826	-0.4695457	-0.47006074	0.20976679	0.1145726	-0.80016124	-1.3574616	-0.21999145	0.21265593	-0.29491717	-0.25921443	-0.6070366
-0.21664165	0.78784585	0.52587885	0.43350607	-0.48719147	0.40156618	0.81873226	-0.13240951	0.38609397	-0.14147879	0.2117444	-0.57650095	-1.118674	0.20163342	-1.525076	-0.2736399	-0.840441	0.609823	0.15140206	0.23351419	0.29550263	-0.16814706	0.0955569	-0.7422728	-0.22012365	-0.017965158	-1.0148072	0.09840711	-0.04817562	0.37534285	0.27710474	-0.34082404	0.01357826	-0.123551674	1.3054641	-0.32667688	0.27232295	0.5308957	0.30390862	1.3612621	-0.16747533	0.4127924	0.38968506	0.29997697	-0.12708516	-0.46804285	0.74610597	-0.6888359	1.008119	0.058499284	-0.42754143	-0.76363635	-0.025788	-0.060736552	-0.058203455	0.21506017	0.19875722	-0.08025198	0.43222567	0.0688735	-0.5769661	-0.73650724	0.13570419	-0.51954216
-0.3472612	0.38303366	0.33157352	0.57208467	-0.30040872	0.86225665	1.2977402	-0.3421737	1.510581	-0.15591685	-0.6904824	-0.16045982	-0.4021613	0.30158997	-1.3062518	0.030797144	-1.1408062	0.65325147	0.32170853	-0.32807985	0.7154677	-0.013609511	0.3571898	-0.80406934	0.10812939	-0.20678166	-0.3602159	-0.15720916	0.07127029	0.001174487	-0.23834449	-0.6188117	0.31250784	-0.28017914	1.1265302	-0.65252405	-0.4454277	0.41285276	0.5827774	0.8612035	-0.21808137	0.14633559	0.5282166	0.41076526	-0.43050343	-0.37761602	0.52226883	-0.546054	0.107108235	-0.13560693	-0.7089479	-0.20415987	0.027352534	0.19840439	-0.9030553	0.5619695	0.26754007	-0.47783625	0.3207335	0.3897465	-0.45965627	-1.2006103	0.10839307	-0.43182096
-0.39907295	0.32222247	0.35754707	-0.2558438	-0.00918191	-0.008855149	1.3349884	-0.32188416	1.5127963	0.7728845	0.7651271	-0.2042994	-0.36041623	0.27094364	0.09073088	-0.49430773	-0.60375035	0.5317403	1.2758634	0.0025669285	1.1556523	0.028685007	-0.515032	-1.2254289	0.44232503	-0.37566087	-0.3415996	-0.38656458	0.29811922	-0.24445184	-0.79651177	-0.15041475	-0.4923415	-0.24738301	0.73868966	-0.11942512	0.23056309	0.62917566	0.7054495	1.1040677	-0.3019097	-0.06435125	0.73484033	0.73909366	-0.33833364	-0.53762317	0.719532	-0.39814222	0.16899641	0.06814861	-0.26018623	-0.4094772	0.07904764	-0.15039553	0.38712785	-0.40433952	0.63615614	-0.46875903	0.47925645	-0.08888569	-0.8540936	0.52233106	-0.409055	-0.48840138
-0.09769739	0.31418848	-0.09324268	0.1880958	0.11013374	0.13990583	0.06112682	0.02370317	-0.11376242	-0.17401358	0.17881556	0.06787076	-0.9828511	0.034333415	0.047864303	0.18398494	0.2809198	-0.064041115	0.01990971	0.14056692	0.13895431	-0.1051022	0.09020598	-0.18330517	-0.04841976	0.1360609	0.029434396	-0.044061217	-0.029403573	-0.020018375	0.07699369	0.108895496	0.092230365	0.038672652	-0.39237493	0.04239612	-0.00965974	-0.023431173	-0.106654584	0.8703898	0.035377283	0.02104012	-0.49258894	-0.060385402	0.124806546	0.817456	0.9048407	-0.20378579	-0.34645241	0.05867286	-0.06271529	0.041183963	0.011884051	-0.09418202	-0.054378964	0.30949306	0.036392726	-0.21371551	-0.16797043	0.10776881	0.2732556	-0.30310428	-0.053828444	-0.083026685
-0.21082377	0.005517627	-0.4850652	-0.13093343	0.37719452	0.703527	0.3319255	0.20994912	0.20867056	-0.6424507	-0.11505301	-0.55428773	-0.72328883	0.31058863	-0.22667608	-0.5772001	-0.43024972	0.31883174	-0.28668895	0.12011816	0.5070003	0.48592663	0.3539972	0.60537195	-0.2979514	-0.4630211	0.13675332	0.29159132	0.20201682	-0.36961266	-0.37958726	-0.11020801	0.22313048	0.19828856	0.6504606	-0.6262765	-0.48942897	-0.4545574	-0.19960593	0.5101571	-0.53950363	0.124529086	-0.24195749	0.37669927	-0.17122144	0.292916	0.3327432	-0.46443802	0.6629588	0.14537159	0.12832758	-0.42551565	0.14619283	-0.045111846	-0.50894433	0.8754633	0.1096667	-0.4002389	-0.18637493	0.66944957	-0.11657429	-0.5582931	0.21916465	-0.12835357
0.23079228	-0.0826515	-0.1430271	0.72458476	0.30136713	0.51883334	0.11585429	0.37148678	-0.5642087	-0.3762677	-0.02305156	-0.029931288	-0.6975652	-0.21518698	0.08279408	0.04962225	0.84785014	-0.22947516	-0.56515986	-0.16433378	0.9381507	0.5690078	0.24149561	-0.29488227	0.38624334	-0.120651044	-0.08040091	0.06026522	0.122674815	0.15226737	-0.21596818	0.10497042	-0.07441744	0.6218368	0.3820256	-0.72954386	0.0351805	0.21293162	-0.0072910553	1.6168703	0.18065797	-0.1451065	-0.91083944	0.12025115	-0.08064992	-0.25600475	0.8873217	-0.42253044	0.48204482	0.09870317	0.22681928	-0.12815309	-0.1486915	-0.3758428	-0.13654733	0.4162299	-0.14356038	-0.10424241	0.07131503	0.40342262	0.6791834	-0.11993128	0.00411056	1.2085584
0.09715888	0.07933634	-0.31129107	-0.56821454	-0.99975777	0.0030994262	-0.51190954	0.32736698	0.49831867	-0.641026	-0.29933307	-1.0754883	-0.76881564	-0.5034887	-1.0686867	-1.2896017	0.035054527	-0.26415005	0.27959403	-0.27175102	0.38650304	-0.18612154	0.72999287	0.49406195	0.35500294	-0.6397888	-0.30542925	0.4544448	-0.13670935	-0.46062297	-0.10481429	0.016275367	0.015443831	0.33191696	0.91337675	-0.20947103	0.20767777	-0.084595986	-0.046802614	0.9792994	-0.6015514	0.6172661	-0.575767	-0.2989319	-0.2971284	0.33252576	0.24109408	-0.6851646	-0.19141543	0.66013575	0.1963672	-0.08025088	0.2708678	-0.76914513	1.0174916	0.48049077	0.57500595	-0.6045671	-1.1888931	0.9456658	1.3826236	-1.1119057	-0.076822944	-1.4273161
-0.22588894	0.029347654	0.17504135	-0.21450157	-0.23033714	0.15399697	-0.0014518034	0.3747058	0.4520027	-0.228519	-0.3438616	-0.1593789	-0.49363852	0.6370797	-0.5838865	-0.047133483	-0.22786115	-0.080012076	0.6918453	0.012689059	0.84564894	-0.0003336292	-0.1444763	-0.033686858	0.25164986	0.0058023217	-0.36123154	0.29518586	0.18951355	-0.031974368	-0.029085837	-0.111013785	0.14137898	0.27465433	0.18067141	0.20578131	-0.017483378	-0.3910844	-0.097642004	1.1468034	-0.31167454	-0.052785628	0.46876815	-0.021948675	-0.657245	-0.6246664	0.657509	0.24171098	0.68451244	0.6187119	0.15386616	-0.24481171	0.102160536	-0.41489294	0.05590485	-0.12140848	-0.039961953	0.38148573	0.014818127	-0.04416526	-0.19516645	0.05201183	-0.27563724	-0.08911446
1.3238118	0.15750954	-0.32450858	0.08383524	-0.0362296	-0.67978895	0.15258327	0.10879348	-0.15956634	-0.124732286	0.209337	0.18370198	-0.6068607	0.6010993	-0.11334366	0.4471186	0.64241076	-0.05319076	0.40808442	0.3772325	-0.583037	-0.33325976	-0.23664269	0.17735292	0.16312677	0.68101114	0.38367552	-0.227261	-0.6810636	0.5326863	0.27679214	0.10371381	-0.49725902	0.61811393	0.029025499	0.5984535	1.1270666	-0.07566371	-0.037524346	0.066234455	0.031045139	-0.04883303	0.3380145	-0.19455224	-0.5889769	1.3292992	0.29263407	0.1109435	-0.19085625	0.69730365	0.28143093	0.069745906	-0.028847035	0.4563413	-0.07436875	0.3075576	-0.123644	-0.04195996	-0.114308804	-1.3467546	0.26359	-0.074045345	0.67046595	0.7432398
1.0579051	0.081045836	-0.2446366	0.32728347	0.6728386	-0.31627953	0.6145171	-0.57696205	-0.55652744	-0.93413603	0.74907	0.6356246	-0.97467965	0.28595585	0.72951466	0.13306592	0.7611643	-0.21388006	0.14831494	0.5329645	0.61740035	1.1626436	-0.4997674	-0.13572612	0.8333293	0.3444979	-0.4250365	-0.74145126	-0.13235271	1.0035408	-0.05377974	0.44397753	0.14329293	0.2716291	-0.042473257	0.08709113	0.43708223	-0.2439893	-0.88626117	0.6274122	0.57556224	0.3200953	-0.3592169	-0.15187486	-0.42949823	0.58774906	0.47587782	-0.18036151	0.7682131	0.99664134	-0.58890945	-0.9248897	0.8252217	0.52231765	0.4197353	0.83992386	-0.6920384	-0.8816912	0.69546807	-0.3566847	-0.83464974	0.017308956	0.18986231	-0.16484146
0.7105842	0.18428782	0.5012287	0.29971114	0.32554135	-0.13467015	0.4155891	0.18824796	-0.041500743	-0.5707567	0.41108346	0.82634926	-0.22360583	-0.4655582	0.20100619	0.005254593	-0.48203063	0.36982006	0.3092108	0.59793603	0.5149056	0.60458434	-0.02251346	-0.63113034	0.66376513	0.6123571	-0.025494967	0.07375972	0.055446688	0.3367584	0.5147713	0.63287485	-0.11152968	0.44904876	0.0745002	0.41638428	-0.0039668772	0.056378692	-0.07837071	0.608044	0.035110503	-0.08516053	-0.3193578	-0.16331752	-0.018727006	0.0471252	1.6842002	-0.23852333	-0.63604736	0.2208255	-0.42214495	0.09443034	0.25545052	0.30419287	0.025803743	0.5482486	-0.9205118	-0.32583675	0.26337293	0.94736433	0.120701484	0.087256595	0.6202094	1.2518034
0.37674263	-0.010813419	0.5626457	-0.5270485	-0.3161696	-0.21665409	-0.18332049	0.08791076	-0.13682184	-0.40242505	-0.27414617	-0.04284995	0.11996609	0.2531446	0.18272822	-0.2823108	-0.22812016	-0.27399817	0.7092179	-0.103030175	0.8938021	0.10734245	-0.10040043	-0.10028345	0.014588962	0.07212476	-0.14746964	-0.109233186	-0.10115442	-0.60154593	0.124149054	-0.19038428	0.13789847	-0.36622205	0.6808822	0.20878388	0.06908057	-0.33773252	0.049308002	0.6733368	-0.16640684	0.24249338	-0.09935377	-0.15685487	-0.30710903	-0.6201303	0.8603494	0.28998888	0.07969995	0.45968586	-0.036121245	-0.008866714	0.50437206	-0.24812458	0.24937892	-0.10113459	-0.050806742	-0.7278912	-0.29446748	0.42713234	0.076268926	-0.4208617	-0.22938035	0.099548586
0.80758274	-0.36658058	0.07940322	0.11764898	0.062090077	0.20486689	0.1338068	0.184985	0.48171222	-0.16161543	0.28751862	-0.056087963	0.50375736	0.20154849	-0.15555584	-0.38392136	-0.09207141	-0.1489871	0.501341	0.0055686496	-0.27222434	0.59951895	0.18719587	0.10363197	-0.3563144	-0.08619231	0.032303717	-0.062370755	-0.45495287	-0.04338339	0.2619	-0.4018778	-0.117537305	0.8059845	0.017423177	0.08416101	0.25058112	0.20310101	-0.29047662	1.0884928	0.0028747816	0.23461674	0.15620744	-0.05544955	0.1920704	0.9857225	0.3040572	-0.16276343	0.119139634	0.9253254	-0.5676659	-0.11839343	-0.16420697	0.18515427	-0.1700889	0.04813709	0.006876192	-0.06380172	-0.24104382	0.73294085	0.28223544	-0.60353017	0.052804235	-0.877697
0.25593042	-0.17768218	0.04227415	1.2337927	-0.7207417	-0.08293251	-0.026599873	0.3312364	0.38027278	0.10625094	-0.26331955	-0.28952527	-0.031995386	0.57004964	0.3689834	0.1408001	-0.3241719	-0.52365524	0.3480303	-0.12061178	0.7266838	0.26361302	0.4952002	0.07594991	-0.0708112	0.85948426	0.049691815	0.35182905	-0.7680813	1.0357823	1.3384285	-0.082011215	0.4834359	-0.21686728	0.37522322	0.50317377	0.014865404	-1.0224749	-0.6001846	0.74319166	0.42347282	0.86468196	0.10909034	0.38664114	-0.29516822	0.03826683	0.94833124	-0.31036416	0.09016028	0.5681447	-0.21889992	-1.3192647	0.6448893	0.14817399	-0.3393613	0.6897567	-0.020705538	-0.16312864	0.660552	0.15977038	-0.7198089	-0.9720054	-0.3982153	-0.3162452
1.3083792	-0.23172759	-0.22880009	-0.08300995	0.5410093	0.22898418	0.31925845	0.16194993	0.16352971	0.19239274	-0.622963	-0.7233751	0.41332674	-0.25796932	-0.2618895	-0.84546167	0.32770306	-0.08600108	0.5432248	-0.3079161	-0.48905855	-0.23651502	0.567224	1.0072584	0.25270706	-0.40957493	-0.5240954	-0.10345661	-0.7219574	-0.83228594	-0.5336776	-0.7335969	-0.6282594	0.05432529	0.54162675	0.17062074	0.45891634	0.23248453	-0.15589826	0.29606172	-0.8559262	0.57583517	-0.1665346	0.53243434	-0.4767937	0.48104712	0.23563445	-0.08209751	0.4668698	0.39498675	0.16230042	-0.1107322	-0.39777038	1.1507051	0.43185928	0.0001771175	0.14284943	0.33573738	0.019633146	-0.5702458	-0.5976441	-0.45914105	0.4190666	-0.4817994
-0.029008498	0.16591181	0.21877576	-0.072532155	-0.046002846	-0.14963181	-0.08773927	0.15075028	0.01280853	-0.1091287	-0.025332304	0.16560274	-0.07370706	-0.04240623	-0.07787636	-0.06193625	-0.6804241	0.07565385	0.013652285	0.39814863	0.7106209	0.116417095	0.003932562	-0.16190524	-0.38254836	0.17220917	0.0064941095	-0.03840423	-0.24984224	0.040701866	-0.13863225	0.04417078	-0.16696078	0.15890172	0.4757657	0.0025331501	-0.49049821	-0.098267265	-0.022904176	0.77727866	-0.114198565	0.15609615	0.023969417	-0.124027	0.14691515	-0.56860495	1.5270299	-0.034595717	-0.02387302	-0.14570306	-0.067284316	-0.32975775	0.11859629	0.19845097	-0.09528881	0.08317717	-0.227497	0.002554253	0.040613685	-0.08873186	0.21225911	0.024087362	0.3903887	-0.523744
0.80541086	-0.9006716	-0.58086234	-1.1193753	-0.768065	0.13967498	-0.26414543	0.6320079	-0.019819964	-0.5398199	-0.005395708	-0.41552088	-0.5490475	0.5033525	-0.2544197	-1.114916	0.04892724	-0.5833538	-0.23210293	-0.3513696	-0.2770576	-0.193303	0.5505027	0.55273384	0.18036856	1.0297663	0.06065847	-0.7137758	-0.9464046	-1.3709958	-0.8024863	-0.24930382	-0.25188136	0.5331067	1.4020089	0.5225133	0.4603171	-0.026296815	-0.0052819536	1.3293179	-0.6790603	0.40030378	-0.06003357	-0.765511	0.14515606	1.4460828	-0.1707256	0.5781743	0.66520065	0.7280378	-0.4887444	0.599691	-0.33535793	-0.34323177	-0.1065551	-0.15571238	-0.11077793	-1.2421857	-0.31735092	0.16763213	0.8527907	-0.8296639	0.526911	-0.3766824
0.004699033	-0.54500425	-0.96576524	-1.5073181	0.10180006	0.26639974	0.13902053	0.9107705	0.81672883	-0.9276723	0.5716151	-0.19725193	0.2665574	-0.17692262	-0.4661902	-0.07790762	-0.4360249	0.94002455	-0.5298721	0.17313671	0.28433308	0.991192	0.61263376	0.2627292	-1.1154838	-0.38441023	0.982232	-0.12436935	-0.15909837	-1.2040236	0.4979896	0.8346124	0.53632164	-0.061349954	0.5776314	0.5068864	-1.1824497	-0.91485196	-0.437545	0.29250747	0.17749794	0.7774728	-0.4266166	0.17662267	-0.439378	0.815922	0.082900986	-0.36542094	0.31591028	-0.0064709405	-0.21771897	-0.8946037	0.13353932	0.62328887	-0.71340644	1.2157632	-0.034984507	-0.088202685	0.25038514	0.41028324	-0.03315781	-0.654508	0.3568438	-0.8018093
1.2491764	-0.7017251	-0.64709747	-0.29349625	0.056999106	-1.062206	-0.3755617	0.35761693	0.3353733	-0.669546	0.4602898	-0.46307135	0.21644498	0.15414202	-0.020339767	-0.3283408	0.15039323	-0.579741	-1.0046976	-0.22901765	-0.2229469	1.1300154	0.3956948	0.21238416	0.16220148	-0.043988712	0.65566033	-0.19444646	-0.5934573	-0.90438116	0.14901401	0.44094625	0.07500321	1.307095	0.23543859	0.57655674	0.3994167	0.13795166	-0.4620705	-0.08957578	0.45785645	0.008182982	0.25041124	-0.4092564	0.13696045	0.9212355	0.16906181	-0.06793855	0.34269693	0.20171547	0.25628874	0.20559952	-0.18766983	0.7705919	-0.27452406	0.28309757	0.1412802	-0.3731019	-0.14822441	-0.52057093	0.6522612	-0.67194283	0.124819286	-0.7808215
0.47985756	-0.093405776	-0.89391136	-0.59086436	-0.39311105	-0.42985773	0.083159804	0.18295605	-0.0059713447	0.06331726	-0.06549767	-0.058664855	-0.49735838	0.032169376	0.29211336	-0.10307759	0.5684055	0.33515233	0.28496823	0.79360354	-0.14202943	-0.20870394	0.51710564	0.17707045	-0.07058326	0.30042082	0.23487228	-0.42092738	-0.016517667	-0.22409034	0.14223064	0.06657885	-0.32476196	-0.043427415	0.91766703	0.33194506	0.41396055	-0.35640088	-0.1246402	0.1677692	0.1883345	0.22053985	0.33163676	-0.46572518	0.066528454	0.6738297	-0.044473153	-0.27232713	-0.17954075	-0.2941369	0.34451202	-0.10283211	-0.30853876	0.20723878	0.16835244	-0.5645643	0.68047786	0.2046999	0.09113777	-0.9169852	-0.026270702	0.10754279	0.35031226	-0.27941158
0.04620377	0.3992289	-0.6851423	-0.34452614	0.6692393	0.26637623	-0.68090177	-0.015577975	1.3300515	0.6468476	0.5693161	0.08426803	-0.0035021957	1.0083916	0.13731082	-0.16856407	-0.46358818	-0.3208738	0.5451726	-0.70388997	0.6071358	0.46819228	0.042642895	0.29568285	0.18360014	-0.38098428	0.36478966	0.20974948	0.46555805	-0.27464417	-0.0039813765	0.1642819	0.10940225	-0.49452856	0.46040052	-0.27636218	-0.14364073	-0.53270864	0.909549	0.75102216	-0.1380638	-1.0296519	-0.08520132	0.1342764	-1.2423854	-0.29382944	1.9271863	-0.48828417	-0.2380841	0.19992818	1.182932	-0.10221923	0.0057858247	0.1553935	0.4811795	-0.33322012	0.2553478	0.15748413	-0.26608703	0.2975017	-0.6098137	0.046960447	-0.29311365	-0.8396976
-0.09115286	-0.75047773	-0.14470187	1.6626952	0.9808926	-0.040584676	-0.8056374	0.010678145	0.15170464	0.1581986	0.62947834	0.86534274	-0.13781129	0.47068214	1.4824177	-0.03458602	0.40747795	-0.23287848	0.7973346	0.18688639	0.7924456	1.2723932	0.14685546	0.5650693	0.89041066	0.5878868	-0.20975238	-0.25019452	0.54084736	0.73853767	-0.005134536	0.5055188	0.5553214	-0.25729302	0.43993402	-1.0342249	-0.27422032	-0.109729044	0.39205927	1.3138427	0.10551398	-0.6013228	-0.69330096	-0.8192184	-0.60341656	-0.55238837	2.6022563	-0.07025324	-1.7093459	-0.31736043	0.65507764	0.122658454	-0.23867343	-0.43404683	0.35241875	0.090177596	-0.5256997	-0.19914553	-0.043380458	0.7760912	-0.39898637	0.84811085	0.20118766	0.45062298
0.4658311	-0.24508606	0.20373589	0.86307937	0.941728	0.08443981	-0.4757274	-0.60890776	-0.61001974	0.28809318	1.1016855	0.12904298	-0.6000683	0.16351554	0.91053593	-0.028382469	-0.007129884	-0.69608146	0.063746475	0.042016357	0.7446224	0.8430125	-0.28298166	-0.2629323	0.38011587	0.1183195	-1.3246917	-0.1432158	0.6504366	1.3418813	-0.081703275	0.62735647	0.20795774	-0.6727362	0.4822192	0.0702853	0.0047564125	-0.4197129	0.2636544	1.3641093	0.117767535	-0.39500144	-0.989131	0.29641291	-0.81851983	-0.36397028	1.5425823	-0.39193565	-0.3443885	-0.27285063	0.49398357	-0.7139949	0.30661052	0.12547457	0.7650831	0.17645414	-0.56380856	-1.186089	-0.4555342	0.37376505	-0.52463114	-0.13115504	-0.24240871	-0.035460558
0.31423917	0.22819968	-0.2535141	0.2532405	0.7856713	0.3947385	-0.104913235	0.7102929	0.13327186	0.047240146	-0.26584366	0.56279445	0.24625674	-0.12074947	0.5599141	-1.0978396	-0.3240544	-0.12819867	0.8154385	0.66880125	0.24267206	0.47500506	-0.28025827	-0.44304535	-0.4167645	-0.8637949	-0.68800294	0.46323454	0.3960927	0.11638019	-0.00422853	0.25394705	0.08800921	-0.9913004	0.64831847	-0.41795975	-0.5219263	0.20692858	0.4952668	0.34746656	0.728528	-0.50550807	-0.44109085	-0.6269134	-0.011816589	0.033896275	0.8207005	-0.58624166	-0.6767023	0.4242423	-0.12587686	-0.01060185	-0.35248768	0.13632932	0.33761594	-0.01906956	-0.11489944	-0.6037102	0.16390893	0.3102333	-0.38209048	-0.6544803	0.078502916	-0.84972805
1.2636222	-0.13167925	-0.20401414	-0.007486121	0.036014955	0.0030036757	-0.059118938	-0.17532317	0.063540936	-0.069183394	-0.119865045	-0.035362717	0.25637	-0.08118137	-0.12602533	-0.0733816	0.16484891	-0.08225926	-0.16744208	-0.02585736	-0.06589623	-0.002163107	-0.09933113	-0.08082487	0.017726999	-0.15395913	0.06343912	-0.016260035	-0.14062771	0.054000694	-0.05593317	-0.07335055	-0.16362812	0.046662875	0.4273579	0.12270769	0.44697997	0.049123652	-0.22192144	0.54290384	-0.19421521	-0.015887067	-0.25358686	-0.09399333	0.26526514	0.19377239	0.4499757	-0.16343528	0.037085857	0.15095069	0.051957622	-0.19259058	-0.098647825	-0.08544645	-0.1858521	0.2427013	-0.070979245	0.13794707	-0.17272046	0.057013072	0.32706413	0.20006107	0.25499603	-0.06460931
0.5870522	-0.30277142	-1.0801857	-0.12881245	0.3055475	0.37838697	-0.1322954	-0.33987033	0.8124642	-0.20769885	0.53851956	-0.12247412	0.97292113	0.18452643	0.89125824	0.17306995	0.3504754	-0.13390759	0.21863842	-0.7976331	-0.2256073	0.9280665	0.5501025	0.04640581	0.55297387	0.46977475	0.34714776	-0.024148678	0.25943705	0.5575682	0.13422617	-0.46320835	-0.33456635	0.5261682	0.38864368	-0.06448455	-0.5779527	-0.31433493	-0.21426465	0.31729767	-0.35208005	0.13898407	-0.31913513	0.07356274	-0.20134114	0.2848043	0.6837156	-0.4028886	-0.1532602	0.13824768	0.28344205	-0.47100303	0.24039836	0.09629719	0.22563174	0.044645693	-0.085150056	0.5167404	-0.73690504	0.20426224	-0.78174835	-0.25178692	0.56669647	-0.7750328
0.035988186	0.121824816	-0.44753996	-0.24431323	-0.23109089	0.13668132	-0.09233971	0.13364188	0.14612925	0.12893789	0.08909302	-0.09810793	0.39696267	-0.002744054	-0.08927045	-0.3769356	0.3912346	0.42708078	0.109078474	0.46173587	0.21086948	0.061220355	-0.09080013	0.07851279	-0.1734309	-0.6359064	-0.5129527	0.018952336	0.320387	-0.19183724	0.27723786	-0.0072671147	-0.33169824	-0.052444916	0.2083071	0.093141474	-0.41732904	0.53568894	-0.07469334	0.20150806	0.45350087	0.004429024	0.08573433	0.4742933	-0.2164733	-0.2194108	0.6895527	0.12688075	0.24729887	-0.14781417	0.18385164	-0.44386482	0.20570661	-0.12765248	-0.4788419	-0.09898841	-0.32271662	0.13693613	0.16186062	-0.5675654	-0.72070473	-0.054411322	-0.109149925	-0.8179882
1.0411804	1.1715999	-0.2560864	0.12432422	0.1605823	0.20517099	0.41058227	-0.48295715	-0.30362734	-1.2589966	0.017870063	0.24578914	0.5725409	0.57671297	-0.44180015	0.23340583	-0.7163793	-0.009542317	-0.09929627	-0.17043903	-0.04901351	-1.6661475	0.34811562	0.23265098	-0.34570503	-0.20284943	0.18937449	0.52335197	-0.4330771	-0.021931628	0.15534297	-0.5580226	-0.7994939	-0.26431084	1.3669007	-1.0664341	-0.14140703	-0.025254918	-0.04548977	-0.060963765	-0.23429316	-0.07557159	-0.2022924	0.79229426	0.19641857	-0.018023787	0.30114865	0.021792315	-0.0038056716	0.047982328	0.12593947	0.16681764	0.31221664	0.45799655	-0.23011664	0.31593794	0.66154724	-0.6860312	-0.78560954	-0.033267703	0.046004966	0.3237675	-0.3252054	-0.33370617
0.7663926	0.08845032	-0.5178118	0.43050626	0.6389213	0.5794726	0.24436764	0.2638392	-0.23667666	-1.0975049	0.68723613	-0.07244894	0.45195532	-0.2515416	-0.39225516	-0.11834846	0.12943317	0.48045844	-0.46252862	0.36358672	1.1684414	-0.004903092	0.5910906	-0.26404333	0.16198985	-0.07125505	-0.35311726	0.60187346	0.020682598	-0.43274546	0.48737252	0.3711508	-0.19111161	0.46208572	0.8236735	-0.27969286	-0.9441594	-0.8712964	-0.38051167	0.020326683	-0.3672606	0.06877685	-0.9993497	0.5836878	0.053616	-0.32640722	0.018864824	-0.37290978	0.26432955	0.09042349	0.14542583	-0.8550797	0.074639075	-0.74693537	-0.5205937	0.97726166	0.13173565	-0.22593854	0.0073545957	0.91373557	-0.27151978	-0.5341758	-0.25950167	0.5731892
-0.015418036	-0.062232055	-0.47974113	0.75839	0.018065298	0.58087254	0.5517624	-0.6384205	0.43975195	-0.9453858	-0.8972479	-0.543575	0.5782185	0.31232747	-0.17972776	-0.26100457	-0.8927118	0.5508394	-0.13495524	0.12916511	0.85262	0.1087139	0.8974184	-0.4687856	0.37082395	0.16496573	-0.1877406	0.59534806	1.0089308	0.043178033	0.32613155	0.41942182	-0.19776073	-0.26970392	1.2265043	-1.4006354	-0.83532333	-0.7349389	-0.19263421	0.16763431	0.1438354	0.47367555	-0.14079379	0.5335192	0.17926471	-0.4906125	0.20593287	0.19180669	-0.23200753	0.19408071	-0.041117497	-0.17105144	-0.14658606	0.02338074	-0.08888265	0.79448336	0.525494	-0.19259873	-0.42458674	-0.30224228	0.062465068	-0.8949314	-0.23479256	-0.3021771
0.1477404	0.26481554	-0.626014	0.40177724	-0.025326777	0.07133755	-0.16021839	0.11234288	-0.43293637	-0.6013494	0.23422629	-0.07170791	0.79352415	0.7907978	-0.12194041	-0.6290642	0.21062857	0.5509894	0.2799891	-0.39331996	0.38104233	-0.26925132	0.47583112	0.32502195	0.67575854	-0.12293467	0.07510199	0.23121187	0.43308794	-0.22465745	-0.66754836	-0.23589854	-0.07920198	0.22677484	1.1574401	-0.8267022	-1.1515825	0.23303038	-0.38018242	0.32927614	-0.13495176	0.21569034	-0.1592554	-0.03446931	0.05977156	-0.9161197	0.6299807	-0.11935869	0.79438365	0.20882405	-0.1628605	-0.12839653	0.73299366	-0.8349938	-0.091750085	0.5899785	0.08642507	-0.38703486	-0.6159279	0.32644072	-0.42983124	0.4378675	0.06852473	-0.72620827
0.38066006	0.12849401	-0.41729695	-0.043390542	0.026501665	0.08970281	0.08666212	-0.0023014992	-0.14239785	0.03780914	-0.16049516	0.077679835	0.031780545	-0.19662568	0.1593063	0.08353286	0.4685749	0.04051203	-0.29728442	0.11105841	-0.2725432	0.1670719	0.054869212	-0.109735094	0.13962753	-0.0803805	0.046319656	0.07354314	0.007798619	0.078533866	-0.0038947004	0.26329464	-0.0981626	-0.021604968	0.23939568	0.07218258	-0.3770411	-0.1887582	0.1620056	-0.25962967	0.25447354	0.19176175	-0.5106401	-0.16714115	-0.12767208	1.3340242	0.98492414	-0.19337614	0.0017443273	0.35172904	0.3177679	0.11237927	0.06618571	0.058872152	0.018766733	0.31876323	0.11357617	0.3673779	-0.05718872	0.18468146	0.07556078	-0.08906452	-0.13960238	-0.47858858
0.4585362	0.5482724	-0.5383993	-0.39405856	-0.6625806	0.4206691	-0.048055537	0.105012655	0.42523736	0.25943318	-1.5007968	-0.73885274	0.67683834	-0.46298468	0.26445496	-0.2144896	0.5277862	0.6462316	-0.18919154	-0.025310697	0.06469579	-1.1070176	0.5416628	0.40091702	-0.44016364	-0.14954966	-0.7070788	0.28972715	-0.090224676	-1.2195507	0.012378176	-0.047886662	-0.2957892	-0.27750844	0.6229718	-0.18192203	-0.40675464	-0.8138259	-0.27992013	-1.376712	-0.25843647	0.92782176	-0.4618873	0.037188865	-0.14575383	0.62404853	0.31862366	0.08818132	-0.1624572	-0.14345619	0.825785	0.032335605	-0.020830538	-0.03304352	0.58597106	0.54476845	0.75184846	0.46401227	-0.27531156	0.11886505	-0.34033617	-1.0538752	-1.0163896	0.102795325
0.69047475	0.68191427	0.3568479	-0.32018718	-0.3077444	-0.034177765	0.33097428	0.27624628	-0.33363804	-0.8565559	-0.31539762	-0.2744247	1.1960326	-0.7125037	-0.83152723	-0.0057901856	1.3840224	0.5192045	-0.24324138	0.43339106	0.24160413	-1.0349761	0.5495112	-0.77472305	0.11336355	-0.23713686	-0.30800104	0.5208446	-0.48125127	-0.3053645	0.82129043	0.3409063	-0.6609502	0.41853783	0.68268424	0.23735611	-0.62169987	-0.11208819	-0.83639044	-0.3443356	0.1781901	0.86136407	0.25830346	0.27767935	0.40356764	0.7355382	-0.24860598	0.47756392	0.022714214	0.61298144	-0.60520667	-1.2221627	-0.21243255	-0.071224645	-0.3044294	0.45799822	0.3898565	0.4451231	-0.08771397	-0.58004665	-0.3974425	-1.0085407	0.17721623	0.34456652
-0.26958764	-0.37789625	-0.51980704	-0.15026198	0.26168796	0.45776016	-0.5265589	0.60732174	-0.10554819	-0.580946	-0.82365024	0.15151	0.7908474	-0.3989964	-0.28718922	-0.29557404	1.3970811	-0.072871014	-0.2286213	-0.530462	-0.067188956	-0.8247221	0.77744836	0.4156452	-0.6192303	-0.61981237	0.025052939	0.100044414	-0.4486789	-1.6441244	0.1736094	-0.2732874	0.009793751	0.43581024	0.79831153	0.31612697	0.10190853	0.03798351	-0.07430176	-1.0184127	0.15509751	0.8468324	-0.5578323	0.24946277	0.18432085	1.6611803	-0.43929067	0.0960449	0.43547842	0.31918266	0.22102101	-0.5114585	0.003696896	0.39149565	-0.0069422643	1.025776	0.028865293	0.4994477	0.44727123	0.28352192	0.17682578	-1.007317	-0.82799274	0.031506106
0.5390891	0.045162853	-0.013342718	-0.1204402	-0.28342497	0.018629193	-0.48299187	-0.0046522175	-0.26314992	-0.027542142	0.029793486	0.05229009	0.8422499	-0.27688575	0.09459083	0.043943588	0.49513096	0.1319418	0.14944345	-0.026713094	0.48465124	0.46379775	0.09944796	-0.17960279	0.68762475	0.23942445	-0.028190149	0.0076851873	0.16309091	0.018523553	-0.06985185	0.19975503	-0.14705315	-0.008612157	0.24129449	-0.29923123	-0.07338115	0.14760561	0.20475769	0.60706335	-0.09769023	0.0934375	-0.112465724	0.07587558	-0.54210144	0.45694315	0.33207023	0.22557266	-0.24821565	-0.26133695	0.2777109	-0.052603867	-0.09488095	0.12943469	-0.013340836	0.035140593	-0.3499212	0.3931895	-0.11116331	-0.023851898	-0.13823579	0.040068027	-0.10909388	-0.025691856
0.92143077	0.3503218	-1.3225834	-0.32740667	0.1140055	0.20141411	-0.51978844	0.15016954	0.3623884	-0.4739954	-0.07482038	0.88233596	1.0517371	-0.04440112	0.51638865	0.7111348	0.91266894	-0.048332263	0.49221334	-0.1850462	-0.31541047	0.42200062	0.09969869	-0.22204182	-0.2769364	0.03559257	0.5787435	0.047415268	-0.3777517	-0.2430616	0.45529056	-0.24990803	-0.2090589	0.2689271	-0.8170117	0.7614704	-0.7151801	-0.05044995	-0.5661401	-0.34890464	0.06621518	0.19885777	-0.55648637	-0.36857817	-0.6265635	0.86504275	0.05254977	-0.09375379	0.09059351	-0.1448612	-0.35171422	-0.41601026	-0.14661275	0.6190665	-0.0041821357	0.34554037	0.06119413	0.15439534	0.25988397	-1.2541515	0.039800834	0.55138004	-0.008140979	-0.0113591915
0.8527045	-0.2843289	-1.7018008	-1.0812627	0.14550017	0.57671434	-0.51756626	-0.12664866	0.8314848	-0.8196638	0.6008754	-0.08800124	0.92756283	-1.0460792	0.20384243	0.86171	0.9131793	-0.758215	-0.43017548	-0.11808225	-0.08332408	0.69214535	-0.27514955	-0.5255904	0.15186709	1.0385659	0.5647603	-0.40857095	0.20447737	0.06100418	-0.17015274	0.14954998	-0.026487375	0.67645407	-0.33459276	0.85084796	-0.4675713	0.2848771	0.27008438	-0.6747388	0.76100653	0.52210104	-0.46091074	-0.18303779	-0.05911817	1.1533068	0.22355309	-0.69780475	0.044167697	0.61481214	-0.2839002	-0.21073273	0.31416252	0.5289265	-0.1552261	0.58771634	-0.36474556	0.6710346	0.20052195	-0.46088427	-0.30161327	-0.10835153	-0.18394834	0.23832266
0.9022893	0.10141277	-0.8499528	-0.07524741	-0.03719873	0.31527644	-0.22602548	0.042508774	0.1441464	-0.7275575	0.14333777	0.2681127	0.99795854	-0.25697514	0.09451126	0.10132814	0.024915047	-0.23914738	-0.38276687	0.18451804	0.87795013	0.87892145	0.25224504	-0.004139788	-0.16071889	0.23559043	-0.018230123	-0.2608055	-0.057367742	-0.72271746	-0.17731719	-0.3385493	0.57694936	0.82661086	-0.05148231	0.40602207	0.034223266	-0.13218702	0.2449891	-0.3802332	-0.33352757	0.40071648	-0.82786137	-0.38788694	-0.50699306	0.69989365	-0.57797015	-0.013073209	0.17481756	0.36127552	-0.048219994	-0.14613327	0.03475089	0.023988446	0.19315818	0.8754624	-0.74650717	0.0391489	0.39222988	0.38877803	0.1584228	-0.09020577	-0.2650269	1.0418394
0.5817128	0.1618176	-0.44801396	0.15661316	-0.32771298	0.043916687	-0.15254527	0.10383093	0.0589984	-0.060306	-0.3223382	-0.09852868	1.3478132	-0.14509639	0.013231018	0.14509438	-0.18043764	-0.09322335	0.23689201	-0.46408162	0.086189315	-1.029753	0.0059465445	0.036123235	-0.678131	-0.03911746	-0.17701943	0.13007209	-0.0899655	-0.548089	0.16712731	-0.47337937	-0.22695327	-0.20827173	0.7523565	0.0029788823	-0.16191442	0.086568296	0.19075884	-0.107298926	-0.1100639	0.13501123	0.09515452	-0.0743011	-0.271795	0.09732747	-0.079580575	-0.10380084	-0.21842742	-0.15872115	0.25579	0.41394323	-0.010287738	0.08592182	-0.09250866	0.29263198	0.20281504	-0.1687303	-0.0040822756	-0.050915696	0.07980262	-0.05620841	0.43833008	0.27511978
0.9555546	0.4783026	-0.36139023	-0.19272272	0.2085936	0.034412693	-0.5521717	-0.03687668	-0.034284737	-0.21747975	-0.31833372	-0.20569363	1.7158548	-0.290373	-0.11511789	-0.06925035	-0.233948	0.6315256	0.38423133	-0.4762449	-0.956676	0.23714532	0.73200434	0.44090718	-0.2840113	0.4165337	0.17613223	-0.29824746	-0.19376545	-1.3483711	-0.76911217	-0.81442845	0.21867712	1.1724497	-0.3370761	-0.116007626	-0.423257	0.10125765	0.08014199	-0.48415148	-0.63887066	-0.012204746	-0.1250166	0.13968624	-0.6038722	1.291686	0.30588943	-0.25318164	0.3177881	-0.32208386	0.2327141	0.2903235	0.11348105	0.8885885	-0.23029618	0.66597855	-0.5192434	-0.09903747	-0.07788427	0.29099923	-0.15185915	-0.89155877	0.21314456	-0.70365614
0.476241	-0.66745293	-0.94754297	1.5292659	-0.53199494	0.5120871	-0.25098333	-0.9339705	0.09763426	-0.005475209	-0.7510622	-0.98655254	1.1371663	-0.36338195	0.6382169	-1.0499789	-0.2710976	0.8704636	-0.115545936	0.35457683	0.7764865	0.380059	0.5883426	-0.7776527	0.37626952	0.47327995	-1.1579726	-0.44055927	1.4892093	0.07234102	-0.4981295	0.17428167	-0.46295014	0.16922118	0.149907	-1.553631	-1.2346996	-1.2323204	-0.040280912	-0.08098984	-0.38829806	-0.20760223	-0.118336804	0.044962432	0.4032984	-0.48838463	-0.3131143	0.14881968	-0.30530763	-0.58330494	0.005788421	0.20028149	-0.3677779	-0.77173835	-0.10140757	0.32720554	0.26296592	0.22831719	-0.34148598	0.13460337	-0.1238589	-0.9272299	-0.07843398	0.3071582
-0.032396402	-0.34260225	-0.5574611	0.65327334	-0.40196145	-0.009619102	0.36340973	-0.37000814	-0.12510808	-0.16369772	0.22667287	0.09794428	1.4064949	0.065982305	0.28230566	0.014512635	0.35876122	0.6010318	0.021496223	0.21502899	0.17934449	0.24301068	0.17126244	0.34985068	0.114738114	0.11651406	0.20856634	0.0073086754	0.114725426	0.7157838	-0.374885	-0.35153055	0.03530764	0.082904376	0.19567072	-0.48329613	-0.54881424	0.34109256	-0.31879058	-0.3491393	-0.46218392	0.098611735	0.037083443	-0.11144139	0.2695544	-0.115941584	-0.13337307	-0.1366682	-0.08797722	-0.59216976	0.24910046	0.3982806	0.455053	-0.63279635	0.011774102	0.3238003	-0.0011352528	0.30619115	-0.38367563	-0.2762797	-0.46509925	0.6388661	0.15749757	0.008261302
0.6885669	0.075075306	-0.9086306	0.30849823	-0.24815764	-0.06427344	-0.110628515	-0.11160155	0.3168604	0.44294778	-0.0020401776	0.6343781	1.0442402	-0.18977028	-0.25731668	0.18485436	0.28532815	0.6939245	0.47931275	0.35787067	0.9133045	-0.33708376	-0.12086775	-0.18755056	0.04935845	-0.05911735	-0.14748272	0.18416624	0.45672366	0.16146368	-0.31959364	-0.30054316	-0.31166446	0.34534797	0.031047057	-0.31040788	-0.9197542	0.10434894	-0.00068427523	-0.24144457	0.24796666	-0.08768359	0.6001259	0.040754363	0.30700734	0.083540745	0.24515192	-0.20671064	-0.04475239	-0.47448698	-0.16918917	0.2981331	0.04053745	-0.38399765	-0.12832773	-0.4758092	0.0038632387	0.07835637	0.12693708	-0.4454593	-0.39302006	0.54927444	0.05363592	0.31665435
0.4650702	0.22829288	-0.104383625	-0.015278146	-0.09020145	-0.23334193	-0.12130385	0.11122146	0.15509748	0.16575669	-0.028779589	-0.028670529	1.2312597	0.17058328	-0.05980016	-0.15923041	-0.43775922	-0.13253345	-0.4265393	0.17232887	0.56736875	0.25758353	-0.2846253	-0.109858006	0.28205204	-0.0023204426	0.09471244	0.02312136	-0.1444157	-0.069490775	-0.35954908	0.16423266	0.3748599	-0.030085076	0.38098523	-0.0868823	-0.116208084	0.07406015	0.06418433	-0.50519884	-0.18302378	0.17682722	0.09485098	-0.0964522	0.09949326	0.41031232	0.11311277	-0.005225981	0.023776783	0.2585342	-0.08505897	-0.110532105	0.051610064	0.061649214	0.12711127	-0.20807657	0.17432775	-0.0029392377	0.14971928	-0.12276879	-0.033835303	0.02021973	0.15755333	0.44791904
0.8215904	0.0022772627	-0.8582278	-1.0243486	0.13081324	0.1547996	0.059224073	-0.3703854	-0.22093111	-0.48062605	-0.39573544	-0.110775195	0.7406427	-0.387503	-0.43468547	0.27915013	0.2786787	-0.3316456	-0.50198317	-0.044732474	-0.09640235	0.12879907	0.1913629	-0.13877982	0.2987918	-0.26533175	0.7582843	-0.1921432	-0.7939819	-1.1078645	-0.203253	-0.52462405	-0.47617364	0.67049253	0.099289455	0.294472	-0.9941529	0.19554214	-0.51588756	-0.64105386	0.6179603	0.9754231	-0.4552876	0.18718766	-0.5418073	1.3942353	0.49536353	-0.29656908	-0.15199654	-0.37634063	0.44675055	-0.23263514	-0.38898084	0.9332222	-0.63878596	0.15130039	0.055165328	0.5396774	0.71835595	-0.14083278	-0.59733385	-0.54724526	0.091758095	-0.01268408
0.53957486	0.09821634	-0.3309617	-0.30784097	0.13910766	0.018716935	0.05180306	-0.22826476	0.09503269	-0.37605727	-0.5876222	0.09138386	0.3037616	-0.12055817	-0.31868693	0.17229395	0.17533326	0.32073066	-0.12042902	-0.057250034	-0.18721944	0.3425654	0.25229162	-0.011693173	-0.03479982	0.0963012	0.3638335	0.07803329	-0.18323025	-0.6739775	-0.15076058	0.13977407	-0.14440225	0.14877696	-0.0150016695	-0.025789583	-0.13667326	0.13889676	-0.43182978	-0.6214546	0.09970955	0.4718031	-0.20087545	0.14455162	-0.30146	0.9394788	0.76193315	-0.09405865	-0.19023584	-0.31506473	0.32847068	-0.0047623925	-0.12677489	0.5913425	-0.22309415	0.16341463	-0.030587886	0.4486675	0.47448093	-0.12096879	-0.6016577	-0.19870663	0.0619845	-0.16620566
0.578999	-0.5970684	-0.60153395	-0.88531977	0.00059887004	-0.18112893	-0.33703923	0.39275992	0.30947763	0.04290965	-0.014762711	-0.041461	1.092575	-0.40748656	0.13749139	0.46020803	-0.016891355	-0.026411505	-0.20483477	-0.438901	-0.28348252	0.6478303	0.20461163	-0.22248077	-0.45919573	-0.2793833	0.68927705	0.12595962	-0.39630458	-1.0973309	-0.09726019	0.675168	-0.1939579	0.85484356	-0.73122203	0.53152186	-0.6166328	0.22462052	-0.5020909	-1.1666207	-0.73783094	0.11916597	-0.022972936	-0.070022345	-0.62383693	1.217332	0.59329	-0.29628664	0.106126636	-0.6094197	-0.18490222	0.44988114	-0.62338275	1.1678143	-0.5222705	-0.50449747	-0.11537382	0.9520535	0.27720693	-0.22756359	-0.31171864	-0.03420538	0.2438881	0.018839741
0.1181092	-0.35638428	-1.6231462	-0.18429947	-0.6856648	-0.08917912	-0.16668223	-0.010776185	0.59926736	0.24887943	-0.15029621	-0.13009273	1.3013468	0.090583175	-0.28600237	-0.09961059	0.17248136	0.66810256	0.9068475	0.6062009	0.113836385	0.7538177	-0.086909354	0.11388414	-0.19141577	-0.13339727	-0.13390382	-0.35599732	0.23469469	0.21091911	0.13494894	0.022974953	0.23042499	0.10706627	-0.57770246	-0.34216988	-0.6354406	0.08572958	-0.19208442	-0.48832163	-0.38185057	0.1806586	0.4822199	-0.14899051	-0.38813445	0.2024725	0.03278349	0.0087904725	-0.3504083	-0.36551514	-0.20845763	0.2911705	-0.103538625	-0.13005646	-0.030383276	-0.13910595	0.32021758	-0.15830898	-0.15991211	-0.7695109	-0.16989435	-0.016905293	0.7520423	-0.21945827
0.22639306	0.69711137	0.3130341	0.75744045	0.5351393	-0.027752515	-0.25188962	-0.021649187	-0.29822817	0.11832005	1.0402948	0.6258968	1.6644235	0.47250256	-0.062136535	0.28501236	-0.4478632	-0.27329308	0.71241474	0.37138093	0.6383049	-0.03527203	-0.08452234	0.78228635	-0.059473388	0.32665727	0.45542994	-0.11002691	-0.009477856	0.5131996	-0.45060936	0.45747304	-0.09463453	-0.8929184	0.56207377	-0.5778019	-1.1104022	-0.10618159	1.2109823	0.16399705	-0.4406226	-1.801893	-0.023189325	0.7277812	0.57326037	0.48225418	0.68123174	-0.26566702	-0.94253755	0.35221043	0.45956355	0.24052705	-0.1090219	0.95475537	0.5097382	0.029442726	-0.5389099	0.26950154	-0.16870946	0.31965634	0.41475922	0.5545568	0.43131474	0.11560935
0.77668923	-0.007333556	-0.6597681	0.58835155	0.11864113	0.3058325	-0.801068	-0.7090447	0.2603374	-0.069040015	0.021961968	-0.40203393	1.7356882	-0.4668638	0.6200997	0.48657086	0.38944766	0.6633228	0.1855081	0.35573733	0.49746543	0.102346934	-0.04144735	0.99700606	-0.33215398	0.1598373	0.36899284	0.077767245	1.1354547	-0.03389355	-0.8062557	-0.21736214	0.323064	0.33813632	-0.26971737	-0.051015712	-1.0851567	-0.029903023	0.5805959	-0.61682314	-0.07014837	-0.09180407	0.49033874	-0.17185444	0.04047567	-0.078160115	-0.4143159	0.54360396	-0.25977165	-0.594892	0.27277383	-0.64335656	0.5337767	-0.21888167	1.3361213	0.44295713	0.5214916	-0.021233644	-0.62418145	0.20726484	-0.51102954	1.113885	-0.12850446	-0.1230978
0.34175602	0.36898845	-0.563056	1.1715161	-0.1625831	0.6123826	0.3126814	-0.7713108	0.62493473	-0.33777648	-0.6385914	0.16049834	1.4027933	-0.1964351	0.15445592	0.4615925	0.2842165	0.31896245	-0.064547434	0.72538036	0.76080763	0.10905312	0.088486485	0.23997463	-0.27912477	0.64256436	-0.05181961	-0.13120481	1.3083628	0.28711146	-1.2652149	-0.5125061	0.5430547	0.629551	-0.0895582	-0.40971866	-1.4533644	0.13167813	0.32757634	-0.4992444	0.22077104	0.011370478	0.44026023	0.07128362	0.32809708	-0.45569992	-0.2654399	0.06579627	-0.6428598	-1.0865041	0.05491761	-0.13147861	0.44106808	-0.0049638757	0.9058133	0.34864625	0.4533519	-0.48308295	-0.32060677	0.27249107	-0.6065651	0.22930512	0.003372694	0.35456952
0.4711153	0.13228837	-0.7025567	0.51496303	0.09389656	-0.15782899	-0.2250683	-0.06824341	0.2166146	0.051565908	0.8385076	0.10674363	1.3440007	-0.537162	1.1868329	-0.13440506	0.65972316	0.3245886	0.14757833	0.08218186	0.5044366	0.21578446	0.14805597	0.97991765	-0.48837957	0.5824156	-0.41339377	-0.7512655	1.4786468	0.673599	-0.63771385	0.26037794	0.48648536	0.3241794	-0.21856737	-0.7034844	-1.1904739	-0.33803174	1.255457	-0.25537217	-0.17642994	-0.7333944	-0.05077756	-0.6446735	-0.2889837	0.22957262	-0.19680052	-0.7916723	-0.35793936	-0.92559534	0.2047372	0.17977676	0.53631055	0.11814115	-0.26450077	0.0013601958	-0.34935302	-0.686424	-0.23326835	0.71224815	-0.0482681	0.69703656	0.46156305	-0.20991147
0.16436148	-0.11924346	-1.0616574	0.01757951	0.09200681	-0.098922186	-0.046676576	0.06651911	-0.11233546	-0.029051831	-0.11771831	-0.070440575	1.1820385	-0.12536094	-0.13625829	-0.09923635	-0.19048421	-0.10124165	-0.2705775	0.04580539	0.54667485	-0.23998876	0.14790072	0.04483164	-0.36059076	0.036672726	0.14531904	0.025460476	-0.16558443	-0.09434948	-0.39236486	-0.09906682	-0.009997647	-0.021059552	-0.62136257	0.08173611	0.10739552	-0.044062242	-0.19727457	-0.52739984	-0.13122916	0.010780858	0.056972392	0.17709734	0.2842655	0.78402144	-0.1358324	-0.14761725	0.012910701	0.0994116	-0.12752457	-0.18471387	-0.022020645	0.026868913	0.23325184	0.19091931	0.015297856	0.6235043	0.10273767	-0.3232931	-0.006582866	-0.17735173	-0.23516497	0.5916178
0.1333389	-0.24453703	-0.49843445	0.14149988	0.26084158	0.53771627	0.13153228	-0.2481133	0.09279713	0.058784466	0.0519347	-0.033310357	1.5438383	0.0979434	-0.534974	0.38379675	0.37794065	-0.039012097	-0.37879777	0.6620088	0.75478005	-0.48573628	-0.29792836	0.40894648	0.15790536	0.17114653	-0.1954443	-0.5149323	0.41992995	-0.75489074	-0.575144	-0.29125133	0.42687866	0.60830826	0.030797807	0.076539434	-0.4596093	0.054122645	-0.21066421	-0.48216945	0.6765156	0.08897003	-0.03998521	0.27460265	0.9883611	0.1203696	-0.32295665	-0.5958676	-0.054510806	-0.58469516	0.24154069	-0.31432465	-0.11124633	-0.5147223	-0.21300387	-0.2658518	-0.3574424	-0.2700654	0.73910564	0.41295707	-0.39823458	-0.058536187	-0.36475548	0.4402488
0.9255597	0.08834676	-1.0577059	-0.9860722	0.6552413	-1.0853102	0.013736481	-0.22291361	0.6168085	0.06436781	0.16064544	-0.08968402	1.113687	-0.37172002	-0.064136304	0.17179643	0.052661467	-0.14831558	0.29420334	-0.33139858	0.3034428	-0.5449197	-0.34332672	0.18928535	-0.79752606	-0.10645443	0.044079743	-0.81689376	0.36916798	-0.96653754	-0.2081793	-0.3439378	0.2836314	0.6800654	-0.6254233	0.3734626	-2.034696	-0.1586033	0.9071611	-1.0171398	0.7250227	-0.6299861	-0.469259	-0.6593174	0.3761348	1.1111641	-0.6712462	-0.5486061	0.12725769	-0.15009868	0.6257988	-0.6072324	0.079648204	0.4228261	0.05520082	-0.29462132	-0.29377687	-0.6395297	-0.042837657	0.44599587	-0.35938984	-0.3662455	-0.07408866	0.31312853
0.24304754	-0.1277162	-0.3729965	0.1276202	-0.20353931	0.032371487	-0.3442028	-0.21823893	0.0086539555	-0.3476638	0.10937661	0.20251763	1.2500473	0.27165404	-0.28921843	0.34690133	-0.2801513	0.40916127	0.5626515	0.2777562	1.1776819	-0.055676073	0.013229405	-0.3119875	-0.11292752	0.019735314	-0.31460524	0.23244171	0.6217825	0.022101298	-0.29475307	-0.10971269	0.1437697	-0.17775849	0.036896467	-0.48384008	-0.6575435	0.05099038	-0.06819929	-0.6491814	0.09830707	-0.29336208	0.3420113	-0.12783171	-0.09701617	-0.06734037	-0.27842864	0.29357842	0.5507961	-0.13307121	-0.3782702	-0.09051498	0.17984946	-0.2544667	-0.12317595	-0.39171717	0.1915495	-0.2267228	-0.10075162	0.36374855	-0.29459533	0.5046432	-0.49725884	0.3587324
0.25044006	-0.12202986	-1.114784	0.62750196	-0.12602226	0.15927345	-0.020838495	-0.43090588	0.5454685	-0.5376641	-1.0468271	-0.56377316	1.0658758	-0.28053144	-0.09894739	0.6510125	0.6230294	0.13861753	-0.43608952	-0.1378505	0.65975386	-0.8644597	-0.6567954	0.27064312	-0.39680615	0.22105068	0.3780409	0.34463498	-0.35938767	0.16554561	0.8483434	0.2783677	-0.5055144	-0.12843946	-0.03937976	0.41592255	0.16963762	-0.6475278	-0.76676875	-0.8750258	-0.87896633	0.30480418	0.056791943	0.496407	0.039008554	0.76306266	-0.145574	0.1337841	-0.39865047	-0.08414021	0.5858896	0.613617	-0.7054434	-0.18891872	0.26962018	0.82180965	-0.3281318	-0.0028614555	-0.36128277	-0.11345674	-0.39557678	0.47681534	-0.83705705	0.2192124
0.023102783	-0.4567166	-1.048236	0.22506665	-0.21144705	0.80059546	0.04908119	-0.52032566	0.37309828	-0.10467395	-0.5138504	-0.41277888	1.1364058	-0.3052899	0.044302817	0.75891805	1.2766167	0.03407768	-0.47392237	-0.24243088	1.4073405	0.016811935	-0.40568137	0.62130356	0.07079496	0.83099794	-0.012510787	-0.22804575	0.8398598	-0.12262605	-0.5041055	0.2565973	0.061015174	0.7261359	-0.15755337	0.3237892	-0.34153137	0.43959403	-0.4526074	-1.5175606	-0.19528191	0.2569772	-0.47177914	0.2002717	0.47625652	0.5653978	-0.6154627	-0.48429817	-0.010036059	-0.5159353	-0.071683064	0.12080674	0.66660786	-0.4153592	0.05640956	0.63757306	-0.40492302	0.32987627	0.48266825	-0.09006002	-0.27200374	0.668399	-0.5909084	1.0351528
0.20208642	-0.20015085	-1.1485472	0.38762352	0.84241056	1.1195984	-0.5917393	0.30409494	0.2651431	-0.1855016	0.48260534	1.3128304	1.292037	0.508306	0.07338171	1.0337273	1.1809216	0.26509258	3.421997e-05	0.45653942	1.7789501	-0.10007244	-0.35083348	-0.02544865	0.18178433	1.0968992	0.10020319	-0.30230245	0.024978988	-0.6949411	0.23550111	0.59673804	-0.18018956	0.17467378	0.04070936	0.84430325	0.12240712	-0.08552522	-0.9236265	-1.3527743	-0.08688169	0.013562141	-0.29510334	0.6563334	0.61619	0.91685086	-0.07130145	0.060554836	-0.048045922	0.4114503	0.5087004	0.47934443	-0.15330459	-0.85543627	-0.38656366	-0.3664377	-0.8291369	0.33407435	0.44663432	0.3571087	-0.34253907	0.27240792	-0.4679097	1.0290934
-0.3788606	0.051491603	-0.8317892	-0.16639353	0.3867782	-0.16981277	-0.51730466	-0.24549383	-0.013556968	-0.1676261	-0.53229386	-0.38113156	1.2134535	0.17156589	-0.6323099	0.34485245	0.24954474	0.3709792	1.2261119	-0.5115192	0.87060714	-0.6768897	-0.24818902	0.3854453	0.07806514	-0.032422084	-0.04012872	0.16256303	0.37801787	-0.606741	-0.005215968	0.31472698	0.0065785893	-0.28343192	0.21861796	-0.09055418	-0.8536929	-0.18283927	0.028390303	-0.9180003	0.25565678	-0.43687165	-0.23376273	-0.55243915	0.0042617423	0.52531415	-0.09118128	0.20996255	-0.5228502	-0.07666728	0.3577039	0.1883448	0.47208336	-0.32012877	0.08679733	0.12498586	-0.4017271	-0.55698395	0.050961755	0.5645134	-0.06306478	0.4756168	-0.07417842	0.39591527
0.14820945	0.047339037	-1.3472748	-0.23057242	0.63054305	0.49722433	-0.0727088	-0.3923687	0.7149092	-0.217696	-0.005679317	0.65919113	1.2193557	0.030093068	0.14549233	0.34478003	0.8180724	0.8719506	0.42969123	-0.17399079	-0.17199704	0.67452705	-0.32382753	-0.095269434	-0.5603945	0.023363037	-0.0692381	-0.15454285	0.23302631	-0.5016543	0.08258061	0.13980366	-0.2014302	0.3759894	-0.7639435	0.009224496	-0.7582389	0.10828248	-0.1871621	-1.2718807	-0.55334246	0.08219611	-0.05828398	-0.37168005	0.118863694	1.6138529	-0.061542712	-0.1095004	0.32738942	-0.5908542	-0.009867578	-0.2839325	0.27546343	0.38128	-0.4583993	-0.15505463	0.28770953	-0.42970023	0.40107834	0.37452665	-0.14123665	0.08849765	-0.117929295	-0.48033518
0.8604756	0.18525517	-0.67468244	0.42081913	-0.22557952	0.28809065	-0.4914872	-0.3760974	0.41543084	-0.30522013	-0.81079566	0.035087813	0.89788854	-0.31101057	-0.090487055	0.7186751	0.20828062	0.6507495	0.29015523	0.15014508	0.39089215	-0.19230127	-0.33149296	0.39014423	-0.3818199	0.22098105	0.430436	0.10565584	0.75553685	-0.091784686	-0.29466066	-0.23182295	0.2563985	0.39861557	-0.3162629	0.08823314	-0.7480961	-0.12508968	0.10119072	-0.5946626	0.20222695	0.12683764	0.7242983	-0.078200296	0.083492294	0.14518568	-0.5681414	0.8143421	-0.19339398	-0.6838987	0.03280697	-0.26198775	0.56371313	-0.08595614	0.85454404	0.29407582	0.5325674	-0.4105915	-0.16026631	0.3458686	-0.39001772	0.8391558	-0.054551873	-0.09829487
-0.3393288	-0.018415708	-0.84763354	-0.13581888	0.13253859	-0.13001108	-0.13796522	0.024456052	0.01088875	0.26028693	0.37666327	0.26397157	1.0217605	0.28885216	-0.028895637	-0.065559	-0.0011931225	-0.1238653	0.65495604	-0.10887227	1.1422433	-0.2999331	-0.27498448	-0.13587667	0.19547045	0.48470145	-0.28273395	-0.14953165	-0.21891926	-0.059144266	-0.051224776	-0.025483608	0.03426042	0.0699101	-0.4526474	-0.39391714	-0.5500855	0.23490356	-0.22627626	-0.550438	0.096446946	0.040650707	-0.19895795	0.39531097	-0.019914217	0.8389763	-0.48744708	-0.22731492	0.2579389	-0.53195447	0.073199436	-0.2544181	-0.016192287	-0.053028714	-0.106389575	0.07060962	-0.56205463	-0.21462423	0.29207262	-0.0056843203	0.0048766285	0.19949633	0.20940545	0.362397
0.13381389	0.29516044	-0.5408179	0.58071077	-0.49652246	0.24984653	-0.057954293	-0.81691384	0.5056732	-0.5392297	-1.0198762	-0.323105	1.3577636	-0.027384473	0.7707636	0.9903878	0.15298024	0.011267307	-0.23126845	-0.10193265	0.50890666	-0.8647486	-0.41278702	0.27032983	-0.25145933	0.8108824	-0.17976	-0.007042673	-0.32467133	0.94474065	0.9479582	0.42288592	0.025768686	-0.12864667	-0.35183653	0.30895376	-0.8554965	-0.5289322	0.09890261	-0.6664475	-0.4911735	0.69051677	0.28231034	0.53364277	0.046313744	0.13317391	-0.26537564	0.37723604	-0.09576204	-0.23670381	0.600202	1.0172334	-0.7530448	-0.46445808	-0.5444707	0.61601514	-0.7977581	-0.51291263	-1.1011091	-0.014036975	-0.004602562	-0.51783216	-0.93680173	0.18901938
0.6624395	-0.35819516	-0.92826176	0.16498782	0.2335171	-0.2561275	0.16680148	-0.383022	0.3604909	-0.07540292	-0.14506686	0.61653084	0.67921245	-0.14365941	0.71264523	0.76583034	0.5480565	0.4652645	-0.3133807	-0.66357225	-0.0146223465	0.17563252	-0.25238353	-0.44633657	-0.40571207	0.88048846	0.30457693	0.24539252	0.035151906	-0.06098629	0.9394796	0.27281496	-0.13524887	1.393597	-1.1130834	1.0162324	-1.0171428	0.3513663	-0.5353805	-0.8151357	-0.834395	0.6778985	-0.6829218	0.46331438	-0.41936648	1.4139501	-0.32423738	0.32150352	0.66753733	-1.4123216	0.122912556	0.355361	-0.2673142	1.0870905	-0.68381727	0.59662175	-0.6672772	0.58656436	0.6785966	-0.42237985	-0.3326225	0.29602382	0.012043018	-0.030924998
-0.28626952	-0.051432326	-0.78939724	0.25864336	-0.60055774	-0.9062371	0.27793288	-0.4447707	0.4132051	-0.41672024	-0.7927049	-0.30731001	0.9132654	-0.2682627	0.22530217	1.0411439	1.1116596	0.6164311	0.9273647	-0.8118557	0.81116366	-0.9840159	-0.36366457	-0.08389603	-0.48470753	0.20253944	-0.1037263	0.43333298	0.6343099	1.4596225	1.758223	-0.011236335	-0.1686926	-0.35000697	-0.70691884	0.44161296	-1.0594907	-0.5710245	-0.13636416	-0.8167051	-0.15328676	0.86129564	0.10012341	0.32129943	-0.4988799	0.7139754	-0.43682292	0.2511505	0.01788519	-0.71622235	-0.009487969	0.7931429	-0.2456983	0.18758467	-0.5549025	1.0019416	-0.6527273	-0.14772269	0.107059084	-0.1254814	0.30641386	0.403522	0.028629726	-0.22228841
-0.5280279	-0.017670633	-1.254559	-0.5715875	0.61946553	-0.39852422	-0.09943902	-0.7484378	0.35044345	-0.14292446	0.25447407	-0.11267264	0.95164067	0.5879349	-0.62519145	0.17221823	0.25455618	0.4208729	1.2496246	-0.13909774	0.5623228	-0.33361572	-0.34792227	1.1732041	-0.104983605	-0.12359049	0.5197101	-0.6771365	-0.14264156	-0.68540394	-0.31943357	-0.13998982	-0.6793159	0.19341971	-0.8155899	0.056452055	-0.6799661	-0.19586627	-0.72136366	-0.99828124	-0.21081766	-1.0725387	-0.3780536	-0.16359277	0.6614703	1.1124004	0.06629022	-0.21693446	-0.5020374	0.4372502	-0.27147904	0.5739253	0.3890024	-0.28231326	-0.23308335	0.44632486	-0.35818946	-0.556546	-0.32226217	-0.08704541	0.13315068	1.4884639	0.52725893	0.33349565
-0.1801861	-0.25827926	-1.1885165	0.0032192748	0.069102734	0.020601144	0.18436377	-0.35183275	0.1734965	-0.27926582	0.90403694	0.45270267	0.42178747	0.6317268	0.7596878	0.9951839	0.51522315	-0.50586164	0.6198822	0.2856818	1.3505478	-0.5711567	-1.0863497	0.2031768	-0.12378856	0.50376546	-0.3778863	-1.3555638	0.033162706	-0.22053081	0.20619054	0.034567174	-0.46057057	0.09718251	-1.0221744	0.65082294	-0.34836236	-0.8189287	-0.6181607	-0.8173202	-0.025970688	-0.38567075	-0.42320934	0.35335144	0.6921956	0.91839635	-0.40101314	-0.588126	-0.023564423	0.04610236	-0.5538779	0.681451	-0.37366343	-0.8230224	-0.807415	0.34800756	-0.8046036	-0.05091153	0.24910988	0.003081552	0.35935706	0.22466488	-0.018608078	0.8486608
-0.8159938	0.12200465	-0.6056947	-0.17929338	-0.131854	-0.07211578	0.06673419	-0.836793	0.15739706	-0.18479766	-0.0057790847	0.60218024	0.36135393	0.07664045	-0.0049466	0.6773326	0.77674043	-0.10921622	0.8081178	-0.14067772	2.2481105	-0.07288285	-1.051697	0.45673156	-0.6419257	0.32027367	0.006050808	-0.6536485	0.35859355	0.29369563	-0.17209104	0.20325959	0.03847717	0.24597849	-0.40149397	0.78047866	-0.5152829	-0.77784425	0.10138907	-0.6499781	-0.05234461	-0.42168298	-0.1742619	-0.48610985	0.4000743	1.0164883	-0.6560356	-0.48765865	-0.45628837	-0.06181043	0.21585071	0.49924707	-0.24321742	-0.6925026	-0.5284213	0.17428729	-0.66978055	-0.5097096	0.2811106	0.78909415	-0.2710507	0.4064288	0.16767377	0.85416776
-0.18923834	0.26675785	-0.88482183	0.06830507	-0.42228705	-0.2866122	-0.24257247	-0.04835658	0.6099879	0.03585083	1.0233094	0.21505086	1.2261887	0.47381908	0.4324077	0.80570316	-0.04295893	0.032977752	0.38922095	-0.068943955	1.1956748	-0.6606418	-0.6965745	-0.067176364	-0.47745597	0.2076361	-0.04810583	-0.09439028	0.13486989	0.4059339	0.16660899	-0.1665257	0.025168598	0.070954196	-0.7670628	0.18565707	-1.2288669	-0.2343723	-0.69205016	-0.6901333	-0.18508863	-0.032625455	0.01948712	-0.515916	0.06656593	0.47259495	-0.5842601	-0.31110597	0.35314456	-0.4930926	-0.19693567	-0.06498851	0.10110554	0.07193947	-0.7734343	-0.31732613	-0.4430265	-0.33564153	0.08695609	0.19696921	0.30424935	0.1683352	-0.14936735	-0.19728465
-0.2437325	0.2866572	-0.77758354	0.8554339	0.25802422	-0.31705746	-0.9062907	-0.61074096	0.48415545	0.9028019	-0.06093454	0.59701914	0.9621239	-0.20379351	0.12953052	1.1682028	0.33320624	0.9534633	0.6774638	-0.26165912	0.37576798	-0.5187812	-0.43969557	-0.48731333	-0.41384515	0.15795588	-1.1380736	-0.10560554	0.83401215	0.9693822	-0.14126517	-0.12488933	0.18534672	-0.026113039	-0.6640016	0.096775725	-0.7222556	-0.39121297	-0.81778586	-0.8124773	0.16226353	-0.31757733	-0.20907243	-0.78766197	-0.21865955	0.4591868	-0.41129172	-0.7355466	1.0927321	-0.14735562	-0.24350727	-0.42448604	0.4312722	-0.6987002	-0.28585458	-0.75639	0.13980284	-0.42580387	0.40588424	0.16129772	-0.18180865	0.0130937565	-0.3320833	-0.2332891
-0.03322667	0.13177377	-0.86709607	1.066077	-0.58676803	-0.7477602	-0.9153146	-1.0185708	0.8919079	0.67596775	-0.8542443	-0.36938438	2.1892893	0.1036242	0.53829205	0.98970306	0.18926689	0.051970396	0.4617817	-0.18686399	1.1654096	-0.95245016	-0.62202334	-0.41678515	0.10860075	0.027801966	-0.32589465	-0.074760914	-0.22934733	0.78223497	0.6182528	0.53775144	-1.1374154	-0.6217707	-1.1144444	0.6012871	-0.78059286	-0.7515985	0.042458437	-1.6174203	0.4829482	-0.04330172	0.47912154	-0.13138872	0.39412838	0.013005891	-0.5578018	0.2759029	-0.37627023	-0.27298132	0.50158954	1.041648	-0.8544406	-0.54154146	-0.36140263	-0.26540792	-1.014764	-0.5710256	-0.889591	0.047792196	0.21592787	0.31126857	-1.0561193	0.05828005
-0.109679215	-0.10829319	-0.79402304	0.5060963	0.099663235	-0.23245543	-0.20013355	-0.49457142	0.5130484	0.5170976	-0.6035437	0.43771863	0.6867683	0.0885953	0.05659639	0.29280603	0.62442815	0.19996828	0.84944975	0.08091	0.90906864	-0.6313592	-0.76607835	-0.3975073	-0.45666134	-0.34338427	-0.4523354	-0.14592947	0.59125817	0.40292788	0.39081106	-0.18717565	-0.6618259	-0.16901843	-0.9180413	0.3712121	-0.81119776	-0.7561473	-0.04060875	-0.90985155	0.31294677	-0.5324494	-0.097374275	0.47154686	0.7221541	0.72256166	-0.6983011	0.43500862	0.20472594	-0.70272064	-0.24984045	0.54529804	-0.24804127	-0.66032374	0.25647116	-0.38480815	-0.5395506	-0.49558562	-0.10341835	0.35895914	-0.17214309	0.5031918	-0.676113	0.6557574
-0.05995901	0.063313335	-1.1281923	0.88946253	0.23985916	-0.41147676	0.10416407	-1.1330608	0.2558411	1.0398045	-0.8442313	0.9851029	1.0808833	0.10878409	-0.2708734	0.12987313	0.67987174	0.1049966	0.99179906	-0.5344996	0.97821754	-0.7996311	-0.85454726	0.08923146	-0.2632995	-0.43775332	0.012512039	-0.18289681	0.7228714	0.7024773	0.16177915	-0.47433212	-0.7838375	-0.37034717	-1.4805346	0.35741344	-0.8728045	-0.7544323	-0.14398429	-1.1272221	0.07081568	-1.0051465	0.107043795	0.6251018	1.247652	0.9744251	-0.43916413	0.35005963	0.4102907	-1.1785861	0.50052136	1.0053859	-0.52233744	-1.1558524	-0.2981804	-1.1956124	-0.9595039	-0.9222678	-0.075125575	0.43673703	-0.49690545	1.145276	-0.23055278	0.50536466
-0.5000155	-0.47885823	-1.0771878	0.5044342	0.21913697	-0.42829433	-0.067658335	-0.41562408	0.57820153	0.23953724	-0.7861664	0.7035734	0.9330079	0.16750473	0.4911479	0.52055645	0.6165686	0.19195558	0.916984	-0.44301325	1.2520651	-0.5148574	-0.76244587	0.04791579	-0.37274513	0.32490987	-0.5338845	-0.11670894	0.011711932	0.44096935	0.8970937	-0.28917718	-0.29850042	-0.18878227	-1.0535667	0.6486299	-0.82738864	-0.7445136	-1.0425568	-0.78246874	-0.17674255	0.04380389	-0.2902579	0.006693223	0.13310046	0.75418466	-0.30515027	-0.043436952	0.2417309	-0.57544285	-0.1865873	0.33239633	0.36257568	0.13302092	-0.049460124	0.6903935	-0.6875548	-0.20588022	0.5509661	0.55636257	0.5193053	-0.05899525	-0.10999625	0.20178832
-0.7067395	-0.58300805	-0.8564199	0.40767437	0.95535713	0.052875053	0.058877666	-1.0108807	0.20569703	1.0954034	-1.0834038	0.7113306	1.2873881	0.48259646	0.3687767	0.39746782	0.6839415	0.67091036	0.5535213	-0.14277647	0.8826497	-0.70432276	-0.5974786	-0.6982071	0.2315056	0.2826853	-0.41989273	-0.2003631	0.56586045	-0.07537567	-0.16755454	-0.7238935	-0.20085372	-0.2940034	-0.112686455	0.4579739	-0.2861738	-1.8971621	-1.0833794	-0.039491903	-0.27450225	-0.06866513	-0.3500174	0.11090893	0.77049047	0.7062988	-0.046376843	0.25775626	0.90127695	-0.9233185	0.07221888	0.15601414	0.6856051	-0.7586406	-0.35138693	-0.6812011	-0.7590472	-0.10972381	0.09058844	0.8639582	-0.06866472	-0.3160606	0.009247521	-0.3608317
-0.22226125	0.17575346	-0.2866496	-0.347911	0.23370254	-0.09767526	0.46734512	-0.043547086	0.23264797	0.45658144	0.29173937	0.4684914	0.37058333	0.1435144	-0.06333455	0.37857223	0.13570136	0.2288936	0.38534868	-0.068766415	0.5296072	-0.52558315	-0.35776445	-0.53636825	-0.29955378	0.01959767	-0.34786034	0.1942287	0.15649974	0.94887495	-0.040776193	-0.2942509	-0.41819295	0.08854699	-0.18751983	0.25014707	-0.55405056	-0.5131083	-0.90581065	0.040535986	0.34388652	0.29108042	0.38691187	0.27345607	0.6665672	0.1912478	-0.2878772	-0.18936814	0.6635968	-0.11100657	-0.56342244	-0.6662601	0.0797339	-0.63397694	-0.5761154	-0.70684576	-0.6209183	-0.34401485	0.47677514	0.3772545	-0.049870025	-0.111569434	-0.34108633	-0.35400409
-0.057563357	-0.38028386	-0.28617287	0.028785467	-0.24004523	-0.77557224	-0.15214908	-0.46343404	0.5097815	0.7765951	-0.015203152	0.012620496	-0.031505324	-0.16647129	0.4496683	0.31681082	-0.0378228	0.13504954	0.34363168	-0.53942376	0.41593525	-0.602845	-0.4542398	-0.56742316	-0.44208264	0.10257221	-0.35318542	-0.12417204	0.32720116	0.6537529	-0.49276188	-0.5171155	-0.40346766	-0.1626082	-0.06613608	0.09385643	-0.60113513	0.3765131	-0.4496159	-0.027716998	0.48746014	0.092732415	0.20016846	-0.113436654	0.22793068	0.42590284	-0.36415932	-0.50599253	0.73664874	-0.29693416	-0.5513782	-0.16940798	-0.056074686	-0.4070291	-0.34629172	-0.8401528	-0.17905344	-0.5430281	0.7224945	0.26325375	0.39846736	0.2865513	-0.6034749	-0.36179033
0.21982095	0.12111646	-0.41531467	-0.15699491	0.046534292	-0.53086513	-0.16793172	-0.550228	0.65191424	0.6917722	-0.5220124	0.27230954	0.9332574	-0.05621434	0.2636813	0.40222964	0.0710393	0.44523144	0.3442079	-0.0029494178	0.31382358	-0.54342943	-0.41510448	-0.5767345	-0.26485524	-0.069842696	-0.8836439	-0.0009905809	0.27832395	-0.29023212	-0.19088763	-0.3458712	-0.076712	0.07209652	-0.30435282	0.044370864	-0.7272268	0.07198423	-0.32458168	-0.5784772	0.13526087	-0.10318416	-0.17972969	-0.14865178	-0.008886427	0.14366825	-0.45513234	-0.15932252	0.20896105	-0.23403499	-0.3456678	-0.018533606	0.09532056	-0.37888026	-0.016142886	-0.4195475	-0.046474732	-0.29313055	0.18178505	0.04918937	-0.07249471	-0.33871427	-0.3412041	-0.13867985
-0.15688422	-0.12503415	-0.93114996	0.7325981	0.53835285	-0.61479896	-0.17022993	-0.8068957	0.31581318	1.0360612	-1.0870608	0.24067268	1.5871537	0.15763746	0.0673062	0.78020394	0.24345142	0.258234	0.018494021	-0.3110659	0.09044606	-0.7830767	-0.50547713	-0.86571056	-0.041312505	-0.12855329	-1.2288871	0.3125528	0.4307129	0.43804395	0.19394323	-0.42027673	-0.41886836	-0.061747435	-0.1485642	0.09742499	-0.9647277	-0.13000076	-0.7044617	-1.0278654	0.53108984	-0.2626097	-0.3945322	0.21966243	0.25248495	0.5311448	-0.53548735	-0.05274184	0.21626443	-1.0720891	-0.2858473	0.52017313	0.07607998	-0.6123539	-0.39380488	-0.9184797	0.0768667	-0.4158122	0.36770633	0.1972103	0.61885697	-0.13419497	-0.20819351	-0.22839987
